Title:,"Time Series, Area-Averaged of NO2 Total Column (30% Cloud Screened) daily 0.25 deg. [OMI ()"
User Start Date:,2010-01-01T00:00:00Z
User End Date:,2020-05-27T23:59:59Z
User Bounding Box:,"134.9121,34.4641,136.0986,35.2991"
Data Bounding Box:,"135.125,34.625,135.875,35.125"
URL to Reproduce Results:,"https://giovanni.gsfc.nasa.gov/giovanni/#service=ArAvTs&starttime=2010-01-01T00:00:00Z&endtime=2020-05-27T23:59:59Z&bbox=134.9121,34.4641,136.0986,35.2991&data=OMNO2d_003_ColumnAmountNO2CloudScreened&portal=GIOVANNI&format=json"
Fill Value (mean_OMNO2d_003_ColumnAmountNO2CloudScreened):, -1.267651e+30

time, mean_OMNO2d_003_ColumnAmountNO2CloudScreened
2010-01-01,-1.267651e+30
2010-01-02,7.79413674e+15
2010-01-03,8.70211967e+15
2010-01-04,8.13721766e+15
2010-01-05,1.16188937e+16
2010-01-06,-1.267651e+30
2010-01-07,-1.267651e+30
2010-01-08,-1.267651e+30
2010-01-09,1.13612902e+16
2010-01-10,-1.267651e+30
2010-01-11,1.09342297e+16
2010-01-12,-1.267651e+30
2010-01-13,-1.267651e+30
2010-01-14,1.31625103e+16
2010-01-15,-1.267651e+30
2010-01-16,-1.267651e+30
2010-01-17,-1.267651e+30
2010-01-18,2.84596688e+16
2010-01-19,-1.267651e+30
2010-01-20,-1.267651e+30
2010-01-21,-1.267651e+30
2010-01-22,-1.267651e+30
2010-01-23,1.63791112e+16
2010-01-24,-1.267651e+30
2010-01-25,-1.267651e+30
2010-01-26,-1.267651e+30
2010-01-27,2.13267546e+16
2010-01-28,-1.267651e+30
2010-01-29,-1.267651e+30
2010-01-30,1.60394716e+16
2010-01-31,-1.267651e+30
2010-02-01,-1.267651e+30
2010-02-02,-1.267651e+30
2010-02-03,-1.267651e+30
2010-02-04,1.34963495e+16
2010-02-05,1.10757285e+16
2010-02-06,6.97709921e+15
2010-02-07,-1.267651e+30
2010-02-08,-1.267651e+30
2010-02-09,-1.267651e+30
2010-02-10,-1.267651e+30
2010-02-11,-1.267651e+30
2010-02-12,-1.267651e+30
2010-02-13,1.23644388e+16
2010-02-14,-1.267651e+30
2010-02-15,-1.267651e+30
2010-02-16,-1.267651e+30
2010-02-17,2.30765178e+16
2010-02-18,-1.267651e+30
2010-02-19,1.28557981e+16
2010-02-20,-1.267651e+30
2010-02-21,6.97732255e+15
2010-02-22,1.7062434e+16
2010-02-23,-1.267651e+30
2010-02-24,1.5698098e+16
2010-02-25,-1.267651e+30
2010-02-26,-1.267651e+30
2010-02-27,-1.267651e+30
2010-02-28,6.745499e+15
2010-03-01,-1.267651e+30
2010-03-02,1.13378536e+16
2010-03-03,3.9866477e+15
2010-03-04,-1.267651e+30
2010-03-05,2.3074409e+16
2010-03-06,-1.267651e+30
2010-03-07,-1.267651e+30
2010-03-08,5.01911704e+15
2010-03-09,-1.267651e+30
2010-03-10,-1.267651e+30
2010-03-11,-1.267651e+30
2010-03-12,-1.267651e+30
2010-03-13,-1.267651e+30
2010-03-14,7.88852617e+15
2010-03-15,-1.267651e+30
2010-03-16,1.19755349e+16
2010-03-17,2.25312803e+16
2010-03-18,-1.267651e+30
2010-03-19,1.29484481e+16
2010-03-20,-1.267651e+30
2010-03-21,8.03114109e+15
2010-03-22,-1.267651e+30
2010-03-23,-1.267651e+30
2010-03-24,-1.267651e+30
2010-03-25,-1.267651e+30
2010-03-26,1.70284587e+16
2010-03-27,-1.267651e+30
2010-03-28,-1.267651e+30
2010-03-29,-1.267651e+30
2010-03-30,1.04346306e+16
2010-03-31,-1.267651e+30
2010-04-01,-1.267651e+30
2010-04-02,-1.267651e+30
2010-04-03,-1.267651e+30
2010-04-04,6.68577641e+15
2010-04-05,1.69895227e+16
2010-04-06,2.54443848e+16
2010-04-07,-1.267651e+30
2010-04-08,9.03404065e+15
2010-04-09,1.19715621e+16
2010-04-10,8.46103403e+15
2010-04-11,1.28896092e+16
2010-04-12,-1.267651e+30
2010-04-13,-1.267651e+30
2010-04-14,7.38985953e+15
2010-04-15,-1.267651e+30
2010-04-16,-1.267651e+30
2010-04-17,1.145407e+16
2010-04-18,8.13525271e+15
2010-04-19,1.50967209e+16
2010-04-20,-1.267651e+30
2010-04-21,9.31401024e+15
2010-04-22,-1.267651e+30
2010-04-23,-1.267651e+30
2010-04-24,9.86400335e+15
2010-04-25,-1.267651e+30
2010-04-26,1.59159913e+16
2010-04-27,-1.267651e+30
2010-04-28,-1.267651e+30
2010-04-29,1.07010227e+16
2010-04-30,1.40291714e+16
2010-05-01,1.63046311e+16
2010-05-02,-1.267651e+30
2010-05-03,1.00478408e+16
2010-05-04,7.81644749e+15
2010-05-05,9.38675733e+15
2010-05-06,8.02480977e+15
2010-05-07,-1.267651e+30
2010-05-08,1.45000576e+16
2010-05-09,-1.267651e+30
2010-05-10,-1.267651e+30
2010-05-11,-1.267651e+30
2010-05-12,-1.267651e+30
2010-05-13,7.56473019e+15
2010-05-14,-1.267651e+30
2010-05-15,7.52653451e+15
2010-05-16,7.27031448e+15
2010-05-17,1.09869666e+16
2010-05-18,-1.267651e+30
2010-05-19,-1.267651e+30
2010-05-20,9.59000699e+15
2010-05-21,9.76107017e+15
2010-05-22,6.6111943e+15
2010-05-23,-1.267651e+30
2010-05-24,-1.267651e+30
2010-05-25,-1.267651e+30
2010-05-26,-1.267651e+30
2010-05-27,-1.267651e+30
2010-05-28,5.29032597e+15
2010-05-29,7.2714156e+15
2010-05-30,-1.267651e+30
2010-05-31,1.50247555e+16
2010-06-01,8.33230635e+15
2010-06-02,1.34272199e+16
2010-06-03,-1.267651e+30
2010-06-04,1.22985776e+16
2010-06-05,9.21092244e+15
2010-06-06,-1.267651e+30
2010-06-07,-1.267651e+30
2010-06-08,-1.267651e+30
2010-06-09,1.03954916e+16
2010-06-10,-1.267651e+30
2010-06-11,1.21617046e+16
2010-06-12,5.61274594e+15
2010-06-13,-1.267651e+30
2010-06-14,1.17571895e+16
2010-06-15,-1.267651e+30
2010-06-16,1.11344386e+16
2010-06-17,6.62485606e+15
2010-06-18,-1.267651e+30
2010-06-19,-1.267651e+30
2010-06-20,-1.267651e+30
2010-06-21,-1.267651e+30
2010-06-22,-1.267651e+30
2010-06-23,-1.267651e+30
2010-06-24,9.88105115e+15
2010-06-25,-1.267651e+30
2010-06-26,-1.267651e+30
2010-06-27,4.33296809e+15
2010-06-28,-1.267651e+30
2010-06-29,-1.267651e+30
2010-06-30,1.05338432e+16
2010-07-01,-1.267651e+30
2010-07-02,-1.267651e+30
2010-07-03,-1.267651e+30
2010-07-04,6.79699083e+15
2010-07-05,-1.267651e+30
2010-07-06,1.38945682e+16
2010-07-07,8.29835248e+15
2010-07-08,-1.267651e+30
2010-07-09,-1.267651e+30
2010-07-10,9.6571223e+15
2010-07-11,-1.267651e+30
2010-07-12,-1.267651e+30
2010-07-13,-1.267651e+30
2010-07-14,-1.267651e+30
2010-07-15,-1.267651e+30
2010-07-16,1.15191603e+16
2010-07-17,-1.267651e+30
2010-07-18,6.95003608e+15
2010-07-19,4.82510853e+15
2010-07-20,7.72044101e+15
2010-07-21,-1.267651e+30
2010-07-22,1.09821745e+16
2010-07-23,1.15750593e+16
2010-07-24,6.23069725e+15
2010-07-25,7.02366149e+15
2010-07-26,5.59442629e+15
2010-07-27,9.88924166e+15
2010-07-28,-1.267651e+30
2010-07-29,8.12171981e+15
2010-07-30,-1.267651e+30
2010-07-31,-1.267651e+30
2010-08-01,6.34581311e+15
2010-08-02,-1.267651e+30
2010-08-03,8.21789218e+15
2010-08-04,5.2693982e+15
2010-08-05,5.34818079e+15
2010-08-06,-1.267651e+30
2010-08-07,5.22774829e+15
2010-08-08,7.36234113e+15
2010-08-09,-1.267651e+30
2010-08-10,-1.267651e+30
2010-08-11,-1.267651e+30
2010-08-12,-1.267651e+30
2010-08-13,-1.267651e+30
2010-08-14,-1.267651e+30
2010-08-15,6.3435765e+15
2010-08-16,7.11937376e+15
2010-08-17,9.32633036e+15
2010-08-18,-1.267651e+30
2010-08-19,7.51498159e+15
2010-08-20,6.28867769e+15
2010-08-21,7.18499334e+15
2010-08-22,-1.267651e+30
2010-08-23,8.12075666e+15
2010-08-24,9.85801617e+15
2010-08-25,8.17163806e+15
2010-08-26,8.26163212e+15
2010-08-27,6.88668371e+15
2010-08-28,6.32708544e+15
2010-08-29,-1.267651e+30
2010-08-30,7.67749671e+15
2010-08-31,-1.267651e+30
2010-09-01,1.0378854e+16
2010-09-02,7.85130061e+15
2010-09-03,-1.267651e+30
2010-09-04,1.03978302e+16
2010-09-05,7.27301548e+15
2010-09-06,8.65000454e+15
2010-09-07,-1.267651e+30
2010-09-08,-1.267651e+30
2010-09-09,7.60508893e+15
2010-09-10,8.93072146e+15
2010-09-11,1.3562302e+16
2010-09-12,5.76974042e+15
2010-09-13,9.0388231e+15
2010-09-14,-1.267651e+30
2010-09-15,-1.267651e+30
2010-09-16,1.15987224e+16
2010-09-17,8.61054453e+15
2010-09-18,9.69785469e+15
2010-09-19,-1.267651e+30
2010-09-20,-1.267651e+30
2010-09-21,-1.267651e+30
2010-09-22,7.22871826e+15
2010-09-23,-1.267651e+30
2010-09-24,-1.267651e+30
2010-09-25,6.87738403e+15
2010-09-26,8.02097705e+15
2010-09-27,2.14455649e+15
2010-09-28,-1.267651e+30
2010-09-29,9.71447944e+15
2010-09-30,-1.267651e+30
2010-10-01,9.10631958e+15
2010-10-02,-1.267651e+30
2010-10-03,-1.267651e+30
2010-10-04,1.42977604e+16
2010-10-05,-1.267651e+30
2010-10-06,1.03873097e+16
2010-10-07,-1.267651e+30
2010-10-08,1.66970333e+16
2010-10-09,-1.267651e+30
2010-10-10,1.4548871e+16
2010-10-11,9.18445363e+15
2010-10-12,-1.267651e+30
2010-10-13,1.31898381e+16
2010-10-14,-1.267651e+30
2010-10-15,1.39917547e+16
2010-10-16,-1.267651e+30
2010-10-17,8.16625432e+15
2010-10-18,2.13425944e+16
2010-10-19,-1.267651e+30
2010-10-20,-1.267651e+30
2010-10-21,-1.267651e+30
2010-10-22,-1.267651e+30
2010-10-23,-1.267651e+30
2010-10-24,-1.267651e+30
2010-10-25,-1.267651e+30
2010-10-26,-1.267651e+30
2010-10-27,6.39901057e+15
2010-10-28,-1.267651e+30
2010-10-29,-1.267651e+30
2010-10-30,-1.267651e+30
2010-10-31,-1.267651e+30
2010-11-01,-1.267651e+30
2010-11-02,2.33327384e+16
2010-11-03,-1.267651e+30
2010-11-04,1.31117846e+16
2010-11-05,2.51103244e+16
2010-11-06,-1.267651e+30
2010-11-07,9.65693761e+15
2010-11-08,-1.267651e+30
2010-11-09,-1.267651e+30
2010-11-10,-1.267651e+30
2010-11-11,1.14117345e+16
2010-11-12,2.66040969e+16
2010-11-13,-1.267651e+30
2010-11-14,-1.267651e+30
2010-11-15,-1.267651e+30
2010-11-16,2.06869999e+16
2010-11-17,-1.267651e+30
2010-11-18,-1.267651e+30
2010-11-19,1.50521832e+16
2010-11-20,5.17705426e+15
2010-11-21,1.1205006e+16
2010-11-22,-1.267651e+30
2010-11-23,5.63997711e+15
2010-11-24,-1.267651e+30
2010-11-25,-1.267651e+30
2010-11-26,-1.267651e+30
2010-11-27,1.00034051e+16
2010-11-28,-1.267651e+30
2010-11-29,1.11671158e+16
2010-11-30,-1.267651e+30
2010-12-01,-1.267651e+30
2010-12-02,1.9433082e+16
2010-12-03,-1.267651e+30
2010-12-04,9.34004848e+15
2010-12-05,-1.267651e+30
2010-12-06,1.74847796e+16
2010-12-07,-1.267651e+30
2010-12-08,-1.267651e+30
2010-12-09,1.74325765e+16
2010-12-10,-1.267651e+30
2010-12-11,-1.267651e+30
2010-12-12,-1.267651e+30
2010-12-13,-1.267651e+30
2010-12-14,6.32810496e+15
2010-12-15,-1.267651e+30
2010-12-16,-1.267651e+30
2010-12-17,-1.267651e+30
2010-12-18,1.49500059e+16
2010-12-19,-1.267651e+30
2010-12-20,1.83909984e+16
2010-12-21,-1.267651e+30
2010-12-22,-1.267651e+30
2010-12-23,1.44014463e+16
2010-12-24,-1.267651e+30
2010-12-25,1.35467939e+16
2010-12-26,-1.267651e+30
2010-12-27,2.06481712e+16
2010-12-28,-1.267651e+30
2010-12-29,8.07331391e+15
2010-12-30,-1.267651e+30
2010-12-31,-1.267651e+30
2011-01-01,1.21264933e+16
2011-01-02,-1.267651e+30
2011-01-03,7.91261664e+15
2011-01-04,-1.267651e+30
2011-01-05,-1.267651e+30
2011-01-06,-1.267651e+30
2011-01-07,-1.267651e+30
2011-01-08,1.81036093e+16
2011-01-09,-1.267651e+30
2011-01-10,7.73783992e+15
2011-01-11,-1.267651e+30
2011-01-12,2.38975438e+16
2011-01-13,-1.267651e+30
2011-01-14,9.87430483e+15
2011-01-15,1.13328424e+16
2011-01-16,-1.267651e+30
2011-01-17,5.99671977e+15
2011-01-18,-1.267651e+30
2011-01-19,1.8366006e+16
2011-01-20,-1.267651e+30
2011-01-21,2.18920453e+16
2011-01-22,1.37645745e+16
2011-01-23,-1.267651e+30
2011-01-24,2.37295891e+16
2011-01-25,-1.267651e+30
2011-01-26,8.5685478e+15
2011-01-27,-1.267651e+30
2011-01-28,1.18219823e+16
2011-01-29,-1.267651e+30
2011-01-30,7.1769741e+15
2011-01-31,1.64787576e+16
2011-02-01,-1.267651e+30
2011-02-02,2.72481551e+16
2011-02-03,-1.267651e+30
2011-02-04,2.26164882e+16
2011-02-05,-1.267651e+30
2011-02-06,9.13072681e+15
2011-02-07,-1.267651e+30
2011-02-08,1.28651837e+16
2011-02-09,1.27328192e+16
2011-02-10,-1.267651e+30
2011-02-11,-1.267651e+30
2011-02-12,-1.267651e+30
2011-02-13,1.08978439e+16
2011-02-14,-1.267651e+30
2011-02-15,4.95394413e+15
2011-02-16,1.5242359e+16
2011-02-17,-1.267651e+30
2011-02-18,1.07866461e+16
2011-02-19,-1.267651e+30
2011-02-20,-1.267651e+30
2011-02-21,-1.267651e+30
2011-02-22,1.34906877e+16
2011-02-23,8.1868605e+15
2011-02-24,-1.267651e+30
2011-02-25,2.52612603e+16
2011-02-26,-1.267651e+30
2011-02-27,1.09988712e+16
2011-02-28,-1.267651e+30
2011-03-01,-1.267651e+30
2011-03-02,-1.267651e+30
2011-03-03,-1.267651e+30
2011-03-04,7.67194654e+15
2011-03-05,5.58450814e+15
2011-03-06,-1.267651e+30
2011-03-07,-1.267651e+30
2011-03-08,1.14676819e+16
2011-03-09,-1.267651e+30
2011-03-10,1.29162627e+16
2011-03-11,-1.267651e+30
2011-03-12,-1.267651e+30
2011-03-13,8.71261121e+15
2011-03-14,-1.267651e+30
2011-03-15,2.06577082e+16
2011-03-16,-1.267651e+30
2011-03-17,1.37693237e+16
2011-03-18,-1.267651e+30
2011-03-19,1.58257304e+16
2011-03-20,-1.267651e+30
2011-03-21,-1.267651e+30
2011-03-22,1.71736887e+16
2011-03-23,-1.267651e+30
2011-03-24,3.78146487e+16
2011-03-25,-1.267651e+30
2011-03-26,7.58415418e+15
2011-03-27,7.46025565e+15
2011-03-28,1.58696873e+16
2011-03-29,3.96927477e+16
2011-03-30,-1.267651e+30
2011-03-31,1.95578702e+16
2011-04-01,1.12757226e+16
2011-04-02,2.65070156e+16
2011-04-03,-1.267651e+30
2011-04-04,9.49507533e+15
2011-04-05,1.20115718e+16
2011-04-06,1.24000452e+16
2011-04-07,8.49331662e+15
2011-04-08,-1.267651e+30
2011-04-09,5.52116006e+15
2011-04-10,-1.267651e+30
2011-04-11,2.04139624e+16
2011-04-12,-1.267651e+30
2011-04-13,1.62886602e+16
2011-04-14,1.6838357e+16
2011-04-15,-1.267651e+30
2011-04-16,-1.267651e+30
2011-04-17,2.83577846e+15
2011-04-18,-1.267651e+30
2011-04-19,-1.267651e+30
2011-04-20,-1.267651e+30
2011-04-21,1.51539825e+16
2011-04-22,-1.267651e+30
2011-04-23,-1.267651e+30
2011-04-24,1.21947855e+16
2011-04-25,1.40241076e+16
2011-04-26,-1.267651e+30
2011-04-27,-1.267651e+30
2011-04-28,1.62351353e+16
2011-04-29,1.00367405e+16
2011-04-30,8.52151791e+15
2011-05-01,-1.267651e+30
2011-05-02,9.06226503e+15
2011-05-03,-1.267651e+30
2011-05-04,1.04549866e+16
2011-05-05,-1.267651e+30
2011-05-06,-1.267651e+30
2011-05-07,6.13492055e+15
2011-05-08,6.85384278e+15
2011-05-09,9.71030151e+15
2011-05-10,-1.267651e+30
2011-05-11,-1.267651e+30
2011-05-12,-1.267651e+30
2011-05-13,8.89291876e+15
2011-05-14,-1.267651e+30
2011-05-15,1.01095713e+16
2011-05-16,1.04167163e+16
2011-05-17,-1.267651e+30
2011-05-18,1.51039043e+16
2011-05-19,1.04333131e+16
2011-05-20,1.02493671e+16
2011-05-21,-1.267651e+30
2011-05-22,-1.267651e+30
2011-05-23,-1.267651e+30
2011-05-24,1.0219894e+16
2011-05-25,1.20587724e+16
2011-05-26,-1.267651e+30
2011-05-27,-1.267651e+30
2011-05-28,-1.267651e+30
2011-05-29,-1.267651e+30
2011-05-30,-1.267651e+30
2011-05-31,-1.267651e+30
2011-06-01,-1.267651e+30
2011-06-02,-1.267651e+30
2011-06-03,9.59424075e+15
2011-06-04,9.03015693e+15
2011-06-05,-1.267651e+30
2011-06-06,-1.267651e+30
2011-06-07,7.76584902e+15
2011-06-08,1.10360183e+16
2011-06-09,-1.267651e+30
2011-06-10,-1.267651e+30
2011-06-11,-1.267651e+30
2011-06-12,-1.267651e+30
2011-06-13,-1.267651e+30
2011-06-14,7.97694075e+15
2011-06-15,-1.267651e+30
2011-06-16,-1.267651e+30
2011-06-17,9.92664545e+15
2011-06-18,-1.267651e+30
2011-06-19,-1.267651e+30
2011-06-20,-1.267651e+30
2011-06-21,9.54311668e+15
2011-06-22,-1.267651e+30
2011-06-23,6.5789391e+15
2011-06-24,8.03666013e+15
2011-06-25,5.35342548e+15
2011-06-26,5.78874565e+15
2011-06-27,-1.267651e+30
2011-06-28,8.82803953e+15
2011-06-29,-1.267651e+30
2011-06-30,9.35593557e+15
2011-07-01,-1.267651e+30
2011-07-02,-1.267651e+30
2011-07-03,5.96889429e+15
2011-07-04,-1.267651e+30
2011-07-05,1.0718675e+16
2011-07-06,-1.267651e+30
2011-07-07,-1.267651e+30
2011-07-08,-1.267651e+30
2011-07-09,6.38409361e+15
2011-07-10,5.71535647e+15
2011-07-11,7.83630795e+15
2011-07-12,-1.267651e+30
2011-07-13,-1.267651e+30
2011-07-14,8.7427302e+15
2011-07-15,-1.267651e+30
2011-07-16,8.04926371e+15
2011-07-17,-1.267651e+30
2011-07-18,-1.267651e+30
2011-07-19,-1.267651e+30
2011-07-20,-1.267651e+30
2011-07-21,-1.267651e+30
2011-07-22,-1.267651e+30
2011-07-23,8.69570192e+15
2011-07-24,-1.267651e+30
2011-07-25,-1.267651e+30
2011-07-26,9.6123376e+15
2011-07-27,-1.267651e+30
2011-07-28,1.00820084e+16
2011-07-29,-1.267651e+30
2011-07-30,-1.267651e+30
2011-07-31,-1.267651e+30
2011-08-01,8.22735345e+15
2011-08-02,6.7880471e+15
2011-08-03,6.89180384e+15
2011-08-04,8.67323172e+15
2011-08-05,-1.267651e+30
2011-08-06,7.69765353e+15
2011-08-07,-1.267651e+30
2011-08-08,8.10016498e+15
2011-08-09,-1.267651e+30
2011-08-10,7.77313543e+15
2011-08-11,1.05251223e+16
2011-08-12,6.30938534e+15
2011-08-13,7.12358659e+15
2011-08-14,-1.267651e+30
2011-08-15,7.28522822e+15
2011-08-16,-1.267651e+30
2011-08-17,-1.267651e+30
2011-08-18,-1.267651e+30
2011-08-19,-1.267651e+30
2011-08-20,-1.267651e+30
2011-08-21,-1.267651e+30
2011-08-22,8.84716716e+15
2011-08-23,-1.267651e+30
2011-08-24,7.26143249e+15
2011-08-25,-1.267651e+30
2011-08-26,6.81045824e+15
2011-08-27,7.99963321e+15
2011-08-28,4.79699851e+15
2011-08-29,7.27497989e+15
2011-08-30,-1.267651e+30
2011-08-31,3.37330382e+15
2011-09-01,-1.267651e+30
2011-09-02,-1.267651e+30
2011-09-03,-1.267651e+30
2011-09-04,-1.267651e+30
2011-09-05,7.2547973e+15
2011-09-06,-1.267651e+30
2011-09-07,1.30509034e+16
2011-09-08,-1.267651e+30
2011-09-09,9.00039173e+15
2011-09-10,-1.267651e+30
2011-09-11,5.94413434e+15
2011-09-12,9.97734647e+15
2011-09-13,8.46787753e+15
2011-09-14,1.13067011e+16
2011-09-15,-1.267651e+30
2011-09-16,-1.267651e+30
2011-09-17,-1.267651e+30
2011-09-18,7.30010545e+15
2011-09-19,-1.267651e+30
2011-09-20,-1.267651e+30
2011-09-21,-1.267651e+30
2011-09-22,-1.267651e+30
2011-09-23,6.90618876e+15
2011-09-24,-1.267651e+30
2011-09-25,7.46849125e+15
2011-09-26,-1.267651e+30
2011-09-27,1.07506177e+16
2011-09-28,1.44305683e+16
2011-09-29,8.12170316e+15
2011-09-30,-1.267651e+30
2011-10-01,-1.267651e+30
2011-10-02,6.1469078e+15
2011-10-03,-1.267651e+30
2011-10-04,1.11343301e+16
2011-10-05,-1.267651e+30
2011-10-06,8.0385424e+15
2011-10-07,1.04985064e+16
2011-10-08,-1.267651e+30
2011-10-09,9.0023089e+15
2011-10-10,-1.267651e+30
2011-10-11,-1.267651e+30
2011-10-12,-1.267651e+30
2011-10-13,-1.267651e+30
2011-10-14,-1.267651e+30
2011-10-15,-1.267651e+30
2011-10-16,8.55949938e+15
2011-10-17,-1.267651e+30
2011-10-18,8.53695993e+15
2011-10-19,-1.267651e+30
2011-10-20,1.03525323e+16
2011-10-21,-1.267651e+30
2011-10-22,-1.267651e+30
2011-10-23,1.13301903e+16
2011-10-24,-1.267651e+30
2011-10-25,-1.267651e+30
2011-10-26,-1.267651e+30
2011-10-27,8.6702886e+15
2011-10-28,-1.267651e+30
2011-10-29,1.07447702e+16
2011-10-30,-1.267651e+30
2011-10-31,5.33007267e+15
2011-11-01,1.34922231e+16
2011-11-02,-1.267651e+30
2011-11-03,-5.10650774e+14
2011-11-04,-1.267651e+30
2011-11-05,-1.267651e+30
2011-11-06,-1.267651e+30
2011-11-07,-1.267651e+30
2011-11-08,8.46733851e+15
2011-11-09,-1.267651e+30
2011-11-10,-1.267651e+30
2011-11-11,-1.267651e+30
2011-11-12,1.5926893e+16
2011-11-13,-1.267651e+30
2011-11-14,1.11198207e+16
2011-11-15,8.69660762e+15
2011-11-16,3.83128209e+15
2011-11-17,9.90932922e+15
2011-11-18,-1.267651e+30
2011-11-19,-1.267651e+30
2011-11-20,-1.267651e+30
2011-11-21,5.11989415e+15
2011-11-22,-1.267651e+30
2011-11-23,-1.267651e+30
2011-11-24,9.27624889e+15
2011-11-25,-1.267651e+30
2011-11-26,1.1712772e+16
2011-11-27,-1.267651e+30
2011-11-28,-1.267651e+30
2011-11-29,-1.267651e+30
2011-11-30,1.23256435e+16
2011-12-01,-1.267651e+30
2011-12-02,-1.267651e+30
2011-12-03,-1.267651e+30
2011-12-04,-1.267651e+30
2011-12-05,-1.267651e+30
2011-12-06,-1.267651e+30
2011-12-07,1.06292677e+16
2011-12-08,-1.267651e+30
2011-12-09,-1.267651e+30
2011-12-10,1.30633793e+16
2011-12-11,-1.267651e+30
2011-12-12,3.53698309e+16
2011-12-13,-1.267651e+30
2011-12-14,9.84590436e+15
2011-12-15,-1.267651e+30
2011-12-16,9.57473516e+15
2011-12-17,7.21070302e+15
2011-12-18,-1.267651e+30
2011-12-19,9.21480402e+15
2011-12-20,1.07468822e+16
2011-12-21,4.00117521e+16
2011-12-22,-1.267651e+30
2011-12-23,-1.267651e+30
2011-12-24,-1.267651e+30
2011-12-25,7.33949352e+15
2011-12-26,1.26916778e+16
2011-12-27,5.23142103e+15
2011-12-28,1.02518368e+16
2011-12-29,-1.267651e+30
2011-12-30,5.77870455e+15
2011-12-31,-1.267651e+30
2012-01-01,7.90827067e+15
2012-01-02,5.82455816e+15
2012-01-03,9.51741023e+15
2012-01-04,9.81632063e+15
2012-01-05,6.03631186e+15
2012-01-06,1.61882976e+16
2012-01-07,-1.267651e+30
2012-01-08,7.523877e+15
2012-01-09,2.59275944e+16
2012-01-10,1.88167414e+16
2012-01-11,1.47776553e+16
2012-01-12,1.54472654e+16
2012-01-13,1.99757125e+16
2012-01-14,-1.267651e+30
2012-01-15,-1.267651e+30
2012-01-16,-1.267651e+30
2012-01-17,1.10046844e+16
2012-01-18,1.37455285e+16
2012-01-19,-1.267651e+30
2012-01-20,-1.267651e+30
2012-01-21,-1.267651e+30
2012-01-22,5.98968945e+15
2012-01-23,-1.267651e+30
2012-01-24,-1.267651e+30
2012-01-25,-1.267651e+30
2012-01-26,-1.267651e+30
2012-01-27,1.79277841e+16
2012-01-28,1.99198736e+16
2012-01-29,-1.267651e+30
2012-01-30,-1.267651e+30
2012-01-31,1.00967702e+16
2012-02-01,-1.267651e+30
2012-02-02,-1.267651e+30
2012-02-03,1.41548614e+16
2012-02-04,1.23043361e+16
2012-02-05,1.27909344e+16
2012-02-06,-1.267651e+30
2012-02-07,-1.267651e+30
2012-02-08,-1.267651e+30
2012-02-09,9.89339811e+15
2012-02-10,7.61476227e+15
2012-02-11,1.29180086e+16
2012-02-12,9.86937099e+15
2012-02-13,-1.267651e+30
2012-02-14,-1.267651e+30
2012-02-15,-1.267651e+30
2012-02-16,1.27852544e+16
2012-02-17,-1.267651e+30
2012-02-18,-1.267651e+30
2012-02-19,1.54571986e+16
2012-02-20,1.56351906e+16
2012-02-21,-1.267651e+30
2012-02-22,4.12572411e+15
2012-02-23,-1.267651e+30
2012-02-24,-1.267651e+30
2012-02-25,-1.267651e+30
2012-02-26,-1.267651e+30
2012-02-27,5.55507634e+15
2012-02-28,1.36078941e+16
2012-02-29,1.29810726e+16
2012-03-01,1.1068004e+16
2012-03-02,-1.267651e+30
2012-03-03,7.48021597e+15
2012-03-04,-1.267651e+30
2012-03-05,-1.267651e+30
2012-03-06,6.46408523e+15
2012-03-07,-1.267651e+30
2012-03-08,1.0683962e+16
2012-03-09,-1.267651e+30
2012-03-10,-1.267651e+30
2012-03-11,-1.267651e+30
2012-03-12,-1.267651e+30
2012-03-13,2.17419512e+16
2012-03-14,1.80354267e+16
2012-03-15,7.46445022e+15
2012-03-16,1.03622282e+16
2012-03-17,-1.267651e+30
2012-03-18,-1.267651e+30
2012-03-19,8.36609271e+15
2012-03-20,-1.267651e+30
2012-03-21,9.18961618e+15
2012-03-22,-1.267651e+30
2012-03-23,-1.267651e+30
2012-03-24,1.49668196e+16
2012-03-25,8.81944369e+15
2012-03-26,1.26230882e+16
2012-03-27,-1.267651e+30
2012-03-28,1.07237946e+16
2012-03-29,-1.267651e+30
2012-03-30,1.01970652e+16
2012-03-31,-1.267651e+30
2012-04-01,1.21966967e+16
2012-04-02,1.27992141e+16
2012-04-03,-1.267651e+30
2012-04-04,9.1722774e+15
2012-04-05,-1.267651e+30
2012-04-06,-1.267651e+30
2012-04-07,8.44220382e+15
2012-04-08,9.3786742e+15
2012-04-09,1.7874389e+16
2012-04-10,-1.267651e+30
2012-04-11,-1.267651e+30
2012-04-12,-1.267651e+30
2012-04-13,-1.267651e+30
2012-04-14,5.54976078e+15
2012-04-15,1.24182634e+16
2012-04-16,-1.267651e+30
2012-04-17,1.54623901e+16
2012-04-18,1.13226494e+16
2012-04-19,-1.267651e+30
2012-04-20,-1.267651e+30
2012-04-21,-1.267651e+30
2012-04-22,-1.267651e+30
2012-04-23,1.36616242e+16
2012-04-24,1.33382572e+16
2012-04-25,1.6243766e+16
2012-04-26,-1.267651e+30
2012-04-27,8.62307724e+15
2012-04-28,-1.267651e+30
2012-04-29,7.44371681e+15
2012-04-30,-1.267651e+30
2012-05-01,-1.267651e+30
2012-05-02,-1.267651e+30
2012-05-03,-1.267651e+30
2012-05-04,-1.267651e+30
2012-05-05,-1.267651e+30
2012-05-06,8.52526688e+15
2012-05-07,-1.267651e+30
2012-05-08,1.10202515e+16
2012-05-09,1.59834813e+16
2012-05-10,8.98142355e+15
2012-05-11,1.04804665e+16
2012-05-12,9.34381839e+15
2012-05-13,7.06575968e+15
2012-05-14,-1.267651e+30
2012-05-15,-1.267651e+30
2012-05-16,1.09806669e+16
2012-05-17,1.20460905e+16
2012-05-18,9.90527262e+15
2012-05-19,1.02958204e+16
2012-05-20,-1.267651e+30
2012-05-21,-1.267651e+30
2012-05-22,7.15719739e+15
2012-05-23,-1.267651e+30
2012-05-24,-1.267651e+30
2012-05-25,-1.267651e+30
2012-05-26,1.11255276e+16
2012-05-27,9.40162972e+15
2012-05-28,1.05388673e+16
2012-05-29,9.66758806e+15
2012-05-30,-1.267651e+30
2012-05-31,9.67816227e+15
2012-06-01,-1.267651e+30
2012-06-02,-1.267651e+30
2012-06-03,8.53299353e+15
2012-06-04,-1.267651e+30
2012-06-05,-1.267651e+30
2012-06-06,-1.267651e+30
2012-06-07,1.17137073e+16
2012-06-08,-1.267651e+30
2012-06-09,7.92133059e+15
2012-06-10,-1.267651e+30
2012-06-11,-1.267651e+30
2012-06-12,-1.267651e+30
2012-06-13,-1.267651e+30
2012-06-14,1.31674753e+16
2012-06-15,-1.267651e+30
2012-06-16,-1.267651e+30
2012-06-17,4.13058762e+15
2012-06-18,-1.267651e+30
2012-06-19,-1.267651e+30
2012-06-20,-1.267651e+30
2012-06-21,-1.267651e+30
2012-06-22,-1.267651e+30
2012-06-23,1.07140418e+16
2012-06-24,-1.267651e+30
2012-06-25,1.29938308e+16
2012-06-26,9.1058815e+15
2012-06-27,-1.267651e+30
2012-06-28,1.10252294e+16
2012-06-29,1.12240831e+16
2012-06-30,-1.267651e+30
2012-07-01,-1.267651e+30
2012-07-02,9.46835741e+15
2012-07-03,-1.267651e+30
2012-07-04,1.07072235e+16
2012-07-05,-1.267651e+30
2012-07-06,-1.267651e+30
2012-07-07,-1.267651e+30
2012-07-08,-1.267651e+30
2012-07-09,8.24640163e+15
2012-07-10,-1.267651e+30
2012-07-11,-1.267651e+30
2012-07-12,-1.267651e+30
2012-07-13,-1.267651e+30
2012-07-14,1.14734575e+16
2012-07-15,6.87258762e+15
2012-07-16,5.88943418e+15
2012-07-17,-1.267651e+30
2012-07-18,7.79759312e+15
2012-07-19,9.18571205e+15
2012-07-20,-1.267651e+30
2012-07-21,5.91099276e+15
2012-07-22,9.2495503e+15
2012-07-23,1.12530194e+16
2012-07-24,-1.267651e+30
2012-07-25,-1.267651e+30
2012-07-26,-1.267651e+30
2012-07-27,9.26320615e+15
2012-07-28,9.64065754e+15
2012-07-29,8.34869594e+15
2012-07-30,1.02007911e+16
2012-07-31,7.62549485e+15
2012-08-01,6.92738765e+15
2012-08-02,-1.267651e+30
2012-08-03,7.89513451e+15
2012-08-04,-1.267651e+30
2012-08-05,-1.267651e+30
2012-08-06,8.836215e+15
2012-08-07,-1.267651e+30
2012-08-08,8.01335188e+15
2012-08-09,-1.267651e+30
2012-08-10,7.34351253e+15
2012-08-11,-1.267651e+30
2012-08-12,7.20893564e+15
2012-08-13,6.76007559e+15
2012-08-14,1.08849192e+16
2012-08-15,-1.267651e+30
2012-08-16,6.99089035e+15
2012-08-17,9.17800151e+15
2012-08-18,-1.267651e+30
2012-08-19,5.89419246e+15
2012-08-20,6.03610087e+15
2012-08-21,6.20731705e+15
2012-08-22,7.13939207e+15
2012-08-23,7.82115209e+15
2012-08-24,7.39774133e+15
2012-08-25,-1.267651e+30
2012-08-26,5.97402248e+15
2012-08-27,-1.267651e+30
2012-08-28,5.37737207e+15
2012-08-29,-1.267651e+30
2012-08-30,7.61213267e+15
2012-08-31,8.55147262e+15
2012-09-01,7.31915255e+15
2012-09-02,7.19133862e+15
2012-09-03,-1.267651e+30
2012-09-04,7.76416754e+15
2012-09-05,-1.267651e+30
2012-09-06,1.22632387e+16
2012-09-07,9.62443437e+15
2012-09-08,5.73567005e+15
2012-09-09,6.53569522e+15
2012-09-10,-1.267651e+30
2012-09-11,-1.267651e+30
2012-09-12,-1.267651e+30
2012-09-13,9.14638626e+15
2012-09-14,6.01545657e+15
2012-09-15,1.01931664e+16
2012-09-16,6.30192874e+15
2012-09-17,5.36447536e+15
2012-09-18,-1.267651e+30
2012-09-19,-1.267651e+30
2012-09-20,9.09415624e+15
2012-09-21,8.59180451e+15
2012-09-22,8.02458107e+15
2012-09-23,8.67557194e+15
2012-09-24,-1.267651e+30
2012-09-25,8.00412951e+15
2012-09-26,-1.267651e+30
2012-09-27,7.6901019e+15
2012-09-28,-1.267651e+30
2012-09-29,-1.267651e+30
2012-09-30,-1.267651e+30
2012-10-01,-1.267651e+30
2012-10-02,1.15046658e+16
2012-10-03,-1.267651e+30
2012-10-04,9.1429417e+15
2012-10-05,-1.267651e+30
2012-10-06,1.34569099e+16
2012-10-07,-1.267651e+30
2012-10-08,7.41788043e+15
2012-10-09,9.02108059e+15
2012-10-10,8.1960528e+15
2012-10-11,1.08546676e+16
2012-10-12,-1.267651e+30
2012-10-13,9.2201942e+15
2012-10-14,-1.267651e+30
2012-10-15,8.07441772e+15
2012-10-16,9.51142412e+15
2012-10-17,-1.267651e+30
2012-10-18,-1.267651e+30
2012-10-19,-1.267651e+30
2012-10-20,1.01253629e+16
2012-10-21,-1.267651e+30
2012-10-22,9.92204984e+15
2012-10-23,-1.267651e+30
2012-10-24,6.42673566e+15
2012-10-25,1.56544471e+16
2012-10-26,7.46848964e+15
2012-10-27,1.59147909e+16
2012-10-28,-1.267651e+30
2012-10-29,-1.267651e+30
2012-10-30,-1.267651e+30
2012-10-31,9.01359231e+15
2012-11-01,1.63827834e+16
2012-11-02,-1.267651e+30
2012-11-03,8.82726482e+15
2012-11-04,-1.267651e+30
2012-11-05,-1.267651e+30
2012-11-06,-1.267651e+30
2012-11-07,8.75504065e+15
2012-11-08,-1.267651e+30
2012-11-09,-1.267651e+30
2012-11-10,6.78284267e+15
2012-11-11,-1.267651e+30
2012-11-12,1.29920162e+16
2012-11-13,-1.267651e+30
2012-11-14,1.56652833e+16
2012-11-15,-1.267651e+30
2012-11-16,1.08683256e+16
2012-11-17,-1.267651e+30
2012-11-18,8.33300804e+15
2012-11-19,1.79024652e+16
2012-11-20,-1.267651e+30
2012-11-21,8.46206912e+15
2012-11-22,-1.267651e+30
2012-11-23,-1.267651e+30
2012-11-24,-1.267651e+30
2012-11-25,5.37155722e+15
2012-11-26,-1.267651e+30
2012-11-27,-1.267651e+30
2012-11-28,8.13126752e+15
2012-11-29,-1.267651e+30
2012-11-30,-1.267651e+30
2012-12-01,-1.267651e+30
2012-12-02,-1.267651e+30
2012-12-03,9.51741345e+15
2012-12-04,1.29039683e+16
2012-12-05,-1.267651e+30
2012-12-06,-1.267651e+30
2012-12-07,1.53667981e+16
2012-12-08,-1.267651e+30
2012-12-09,8.48156988e+15
2012-12-10,-1.267651e+30
2012-12-11,7.31923577e+15
2012-12-12,1.00603456e+16
2012-12-13,9.03299375e+15
2012-12-14,1.87678002e+16
2012-12-15,-1.267651e+30
2012-12-16,4.61296292e+15
2012-12-17,-1.267651e+30
2012-12-18,-1.267651e+30
2012-12-19,9.37179044e+15
2012-12-20,1.51810451e+16
2012-12-21,-1.267651e+30
2012-12-22,-1.267651e+30
2012-12-23,-1.267651e+30
2012-12-24,-1.267651e+30
2012-12-25,9.85722482e+15
2012-12-26,3.87082773e+15
2012-12-27,1.40786107e+16
2012-12-28,-1.267651e+30
2012-12-29,3.94013052e+15
2012-12-30,-1.267651e+30
2012-12-31,-1.267651e+30
2013-01-01,8.33283839e+15
2013-01-02,-1.267651e+30
2013-01-03,7.4665612e+15
2013-01-04,5.48062308e+15
2013-01-05,1.35045626e+16
2013-01-06,1.40952806e+16
2013-01-07,-1.267651e+30
2013-01-08,2.54431823e+16
2013-01-09,-1.267651e+30
2013-01-10,1.07223901e+16
2013-01-11,-1.267651e+30
2013-01-12,1.5915608e+16
2013-01-13,-1.267651e+30
2013-01-14,-1.267651e+30
2013-01-15,-1.267651e+30
2013-01-16,-1.267651e+30
2013-01-17,-1.267651e+30
2013-01-18,-1.267651e+30
2013-01-19,1.34461231e+16
2013-01-20,1.10424296e+16
2013-01-21,-1.267651e+30
2013-01-22,-1.267651e+30
2013-01-23,-1.267651e+30
2013-01-24,2.31297776e+16
2013-01-25,-1.267651e+30
2013-01-26,9.38985614e+15
2013-01-27,1.52003843e+16
2013-01-28,6.1609255e+15
2013-01-29,2.80542368e+16
2013-01-30,-1.267651e+30
2013-01-31,1.17611516e+16
2013-02-01,-1.267651e+30
2013-02-02,1.05221598e+16
2013-02-03,-1.267651e+30
2013-02-04,-1.267651e+30
2013-02-05,-1.267651e+30
2013-02-06,-1.267651e+30
2013-02-07,-1.267651e+30
2013-02-08,-1.267651e+30
2013-02-09,2.14997666e+16
2013-02-10,-1.267651e+30
2013-02-11,8.17857336e+15
2013-02-12,-1.267651e+30
2013-02-13,-1.267651e+30
2013-02-14,1.30930521e+16
2013-02-15,-1.267651e+30
2013-02-16,-1.267651e+30
2013-02-17,-1.267651e+30
2013-02-18,-1.267651e+30
2013-02-19,-1.267651e+30
2013-02-20,-1.267651e+30
2013-02-21,1.85000691e+16
2013-02-22,1.33660359e+16
2013-02-23,1.29777924e+16
2013-02-24,-1.267651e+30
2013-02-25,1.03054057e+16
2013-02-26,-1.267651e+30
2013-02-27,-1.267651e+30
2013-02-28,1.47943252e+16
2013-03-01,-1.267651e+30
2013-03-02,9.62992012e+15
2013-03-03,-1.267651e+30
2013-03-04,2.23839329e+16
2013-03-05,-1.267651e+30
2013-03-06,2.09213612e+16
2013-03-07,-1.267651e+30
2013-03-08,6.44999666e+15
2013-03-09,1.6937036e+16
2013-03-10,-1.267651e+30
2013-03-11,6.49763644e+15
2013-03-12,-1.267651e+30
2013-03-13,1.28874595e+16
2013-03-14,-1.267651e+30
2013-03-15,1.6175169e+16
2013-03-16,-1.267651e+30
2013-03-17,9.70404589e+15
2013-03-18,-1.267651e+30
2013-03-19,1.44976589e+16
2013-03-20,-1.267651e+30
2013-03-21,-1.267651e+30
2013-03-22,1.8394254e+16
2013-03-23,-1.267651e+30
2013-03-24,1.27411118e+16
2013-03-25,-1.267651e+30
2013-03-26,-1.267651e+30
2013-03-27,-1.267651e+30
2013-03-28,-1.267651e+30
2013-03-29,-1.267651e+30
2013-03-30,-1.267651e+30
2013-03-31,-1.267651e+30
2013-04-01,1.38881536e+16
2013-04-02,-1.267651e+30
2013-04-03,4.75035731e+15
2013-04-04,1.41268067e+16
2013-04-05,1.78901129e+16
2013-04-06,-1.267651e+30
2013-04-07,9.81238644e+15
2013-04-08,-1.267651e+30
2013-04-09,1.74529636e+16
2013-04-10,1.38154978e+16
2013-04-11,-1.267651e+30
2013-04-12,1.58063655e+16
2013-04-13,1.44286914e+16
2013-04-14,8.9926522e+15
2013-04-15,-1.267651e+30
2013-04-16,1.26658145e+16
2013-04-17,-1.267651e+30
2013-04-18,1.49847554e+16
2013-04-19,5.60861526e+15
2013-04-20,-1.267651e+30
2013-04-21,5.85866771e+15
2013-04-22,-1.267651e+30
2013-04-23,-1.267651e+30
2013-04-24,-1.267651e+30
2013-04-25,1.47175924e+16
2013-04-26,1.86423335e+16
2013-04-27,1.42908895e+16
2013-04-28,7.79917045e+15
2013-04-29,9.95932156e+15
2013-04-30,-1.267651e+30
2013-05-01,-1.267651e+30
2013-05-02,1.02788661e+16
2013-05-03,1.40071758e+16
2013-05-04,7.77734289e+15
2013-05-05,8.4293302e+15
2013-05-06,1.23736419e+16
2013-05-07,7.78086744e+15
2013-05-08,-1.267651e+30
2013-05-09,1.29056348e+16
2013-05-10,-1.267651e+30
2013-05-11,-1.267651e+30
2013-05-12,6.72564874e+15
2013-05-13,1.25434939e+16
2013-05-14,1.36954245e+16
2013-05-15,8.51961041e+15
2013-05-16,9.63392088e+15
2013-05-17,-1.267651e+30
2013-05-18,9.4350435e+15
2013-05-19,-1.267651e+30
2013-05-20,1.23567379e+16
2013-05-21,1.50086473e+16
2013-05-22,1.29647013e+16
2013-05-23,8.09800246e+15
2013-05-24,-1.267651e+30
2013-05-25,8.72065675e+15
2013-05-26,-1.267651e+30
2013-05-27,-1.267651e+30
2013-05-28,-1.267651e+30
2013-05-29,-1.267651e+30
2013-05-30,-1.267651e+30
2013-05-31,9.22453856e+15
2013-06-01,-1.267651e+30
2013-06-02,-1.267651e+30
2013-06-03,1.13660297e+16
2013-06-04,1.09004477e+16
2013-06-05,1.1294061e+16
2013-06-06,9.67323916e+15
2013-06-07,9.69592303e+15
2013-06-08,1.09640798e+16
2013-06-09,-1.267651e+30
2013-06-10,7.52392264e+15
2013-06-11,-1.267651e+30
2013-06-12,6.27155366e+15
2013-06-13,6.41220578e+15
2013-06-14,1.04845563e+16
2013-06-15,-1.267651e+30
2013-06-16,6.72430227e+15
2013-06-17,1.2283527e+16
2013-06-18,-1.267651e+30
2013-06-19,-1.267651e+30
2013-06-20,-1.267651e+30
2013-06-21,-1.267651e+30
2013-06-22,-1.267651e+30
2013-06-23,-1.267651e+30
2013-06-24,4.95953671e+15
2013-06-25,-1.267651e+30
2013-06-26,-1.267651e+30
2013-06-27,-1.267651e+30
2013-06-28,7.80709251e+15
2013-06-29,1.08649863e+16
2013-06-30,-1.267651e+30
2013-07-01,7.60988426e+15
2013-07-02,8.72778103e+15
2013-07-03,-1.267651e+30
2013-07-04,-1.267651e+30
2013-07-05,-1.267651e+30
2013-07-06,3.82210911e+15
2013-07-07,6.25398187e+15
2013-07-08,7.29490156e+15
2013-07-09,9.59203636e+15
2013-07-10,8.48256202e+15
2013-07-11,-1.267651e+30
2013-07-12,8.21947219e+15
2013-07-13,-1.267651e+30
2013-07-14,6.96730078e+15
2013-07-15,-1.267651e+30
2013-07-16,1.6648775e+16
2013-07-17,7.12683949e+15
2013-07-18,9.38867503e+15
2013-07-19,7.6053128e+15
2013-07-20,-1.267651e+30
2013-07-21,6.5199037e+15
2013-07-22,-1.267651e+30
2013-07-23,7.47339718e+15
2013-07-24,1.3062473e+16
2013-07-25,1.00709886e+16
2013-07-26,1.05718601e+16
2013-07-27,-1.267651e+30
2013-07-28,4.75335359e+15
2013-07-29,-1.267651e+30
2013-07-30,8.43155714e+15
2013-07-31,1.33838289e+16
2013-08-01,7.33936843e+15
2013-08-02,7.17735636e+15
2013-08-03,7.00739376e+15
2013-08-04,7.60271649e+15
2013-08-05,-1.267651e+30
2013-08-06,7.20466859e+15
2013-08-07,1.02645112e+16
2013-08-08,8.43693068e+15
2013-08-09,9.722831e+15
2013-08-10,8.64698303e+15
2013-08-11,8.68541333e+15
2013-08-12,-1.267651e+30
2013-08-13,8.31901503e+15
2013-08-14,-1.267651e+30
2013-08-15,7.08007213e+15
2013-08-16,7.89832406e+15
2013-08-17,7.15490549e+15
2013-08-18,7.3899814e+15
2013-08-19,8.63951569e+15
2013-08-20,6.76218603e+15
2013-08-21,-1.267651e+30
2013-08-22,7.45738554e+15
2013-08-23,-1.267651e+30
2013-08-24,-1.267651e+30
2013-08-25,-1.267651e+30
2013-08-26,7.11934799e+15
2013-08-27,7.15821583e+15
2013-08-28,-1.267651e+30
2013-08-29,8.14463775e+15
2013-08-30,-1.267651e+30
2013-08-31,-1.267651e+30
2013-09-01,-1.267651e+30
2013-09-02,-1.267651e+30
2013-09-03,5.80851162e+15
2013-09-04,-1.267651e+30
2013-09-05,-1.267651e+30
2013-09-06,-1.267651e+30
2013-09-07,-1.267651e+30
2013-09-08,-1.267651e+30
2013-09-09,8.48521524e+15
2013-09-10,1.18022706e+16
2013-09-11,1.26775956e+16
2013-09-12,1.16310989e+16
2013-09-13,-1.267651e+30
2013-09-14,-1.267651e+30
2013-09-15,-1.267651e+30
2013-09-16,7.34254456e+15
2013-09-17,7.77176265e+15
2013-09-18,1.04398479e+16
2013-09-19,8.82665816e+15
2013-09-20,-1.267651e+30
2013-09-21,1.05250815e+16
2013-09-22,-1.267651e+30
2013-09-23,7.2253859e+15
2013-09-24,-1.267651e+30
2013-09-25,6.9492297e+15
2013-09-26,5.73886819e+15
2013-09-27,4.76056162e+15
2013-09-28,9.06374357e+15
2013-09-29,-1.267651e+30
2013-09-30,1.04881437e+16
2013-10-01,-1.267651e+30
2013-10-02,5.72444462e+15
2013-10-03,1.13660307e+16
2013-10-04,9.21502735e+15
2013-10-05,-1.267651e+30
2013-10-06,-1.267651e+30
2013-10-07,8.19289815e+15
2013-10-08,-1.267651e+30
2013-10-09,9.94929818e+15
2013-10-10,1.264315e+16
2013-10-11,6.91893623e+15
2013-10-12,9.29175694e+15
2013-10-13,6.08084154e+15
2013-10-14,8.79638079e+15
2013-10-15,-1.267651e+30
2013-10-16,-1.267651e+30
2013-10-17,-1.267651e+30
2013-10-18,-1.267651e+30
2013-10-19,7.51267734e+15
2013-10-20,-1.267651e+30
2013-10-21,1.42886475e+16
2013-10-22,-1.267651e+30
2013-10-23,-1.267651e+30
2013-10-24,-1.267651e+30
2013-10-25,-1.267651e+30
2013-10-26,-1.267651e+30
2013-10-27,-1.267651e+30
2013-10-28,1.18687169e+16
2013-10-29,-1.267651e+30
2013-10-30,2.13716069e+16
2013-10-31,-1.267651e+30
2013-11-01,9.83705136e+15
2013-11-02,-1.267651e+30
2013-11-03,-1.267651e+30
2013-11-04,1.6447676e+16
2013-11-05,9.32320147e+15
2013-11-06,1.2563619e+16
2013-11-07,-1.267651e+30
2013-11-08,1.69274948e+16
2013-11-09,-1.267651e+30
2013-11-10,-1.267651e+30
2013-11-11,9.29120934e+15
2013-11-12,-1.267651e+30
2013-11-13,5.05659814e+15
2013-11-14,7.97451678e+15
2013-11-15,7.25062367e+15
2013-11-16,-1.267651e+30
2013-11-17,1.1043483e+16
2013-11-18,-1.267651e+30
2013-11-19,1.04736375e+16
2013-11-20,1.67438634e+16
2013-11-21,8.99827753e+15
2013-11-22,1.368572e+16
2013-11-23,-1.267651e+30
2013-11-24,1.45643254e+16
2013-11-25,-1.267651e+30
2013-11-26,9.83867808e+15
2013-11-27,-1.267651e+30
2013-11-28,1.00520864e+16
2013-11-29,1.25267328e+16
2013-11-30,1.33209323e+16
2013-12-01,2.25328072e+16
2013-12-02,-1.267651e+30
2013-12-03,1.70076678e+16
2013-12-04,-1.267651e+30
2013-12-05,1.2112175e+16
2013-12-06,3.2757737e+16
2013-12-07,1.3660908e+16
2013-12-08,8.98814893e+15
2013-12-09,-1.267651e+30
2013-12-10,-1.267651e+30
2013-12-11,-1.267651e+30
2013-12-12,1.02014321e+16
2013-12-13,1.87921634e+16
2013-12-14,8.83659993e+15
2013-12-15,8.95572676e+15
2013-12-16,-1.267651e+30
2013-12-17,-1.267651e+30
2013-12-18,-1.267651e+30
2013-12-19,-1.267651e+30
2013-12-20,-1.267651e+30
2013-12-21,-1.267651e+30
2013-12-22,3.6946922e+15
2013-12-23,1.73801134e+16
2013-12-24,8.90833448e+15
2013-12-25,-1.267651e+30
2013-12-26,-1.267651e+30
2013-12-27,-1.267651e+30
2013-12-28,-1.267651e+30
2013-12-29,-1.267651e+30
2013-12-30,1.46936382e+16
2013-12-31,1.18056593e+16
2014-01-01,-1.267651e+30
2014-01-02,7.50540811e+15
2014-01-03,-1.267651e+30
2014-01-04,-1.267651e+30
2014-01-05,-1.267651e+30
2014-01-06,8.77781633e+15
2014-01-07,1.19719808e+16
2014-01-08,-1.267651e+30
2014-01-09,5.89433581e+15
2014-01-10,-1.267651e+30
2014-01-11,1.25594991e+16
2014-01-12,-1.267651e+30
2014-01-13,-1.267651e+30
2014-01-14,1.92514436e+16
2014-01-15,1.89245042e+16
2014-01-16,2.41939889e+16
2014-01-17,6.04856916e+15
2014-01-18,-1.267651e+30
2014-01-19,-1.267651e+30
2014-01-20,1.24907227e+16
2014-01-21,-1.267651e+30
2014-01-22,1.57422642e+16
2014-01-23,2.17857771e+16
2014-01-24,1.33226364e+16
2014-01-25,1.27086525e+16
2014-01-26,-1.267651e+30
2014-01-27,7.69676876e+15
2014-01-28,-1.267651e+30
2014-01-29,1.14123391e+16
2014-01-30,-1.267651e+30
2014-01-31,1.02632152e+16
2014-02-01,1.49344367e+16
2014-02-02,1.28063222e+16
2014-02-03,-1.267651e+30
2014-02-04,-1.267651e+30
2014-02-05,-1.267651e+30
2014-02-06,-1.267651e+30
2014-02-07,1.72610548e+15
2014-02-08,-1.267651e+30
2014-02-09,6.50412828e+15
2014-02-10,-1.267651e+30
2014-02-11,-1.267651e+30
2014-02-12,1.11483392e+16
2014-02-13,-1.267651e+30
2014-02-14,-1.267651e+30
2014-02-15,-1.267651e+30
2014-02-16,4.75813066e+15
2014-02-17,2.64393892e+16
2014-02-18,-1.267651e+30
2014-02-19,9.03806718e+15
2014-02-20,-1.267651e+30
2014-02-21,9.87332343e+15
2014-02-22,-1.267651e+30
2014-02-23,6.64917577e+15
2014-02-24,1.68736434e+16
2014-02-25,1.71888854e+16
2014-02-26,1.34010947e+16
2014-02-27,-1.267651e+30
2014-02-28,6.70832606e+15
2014-03-01,-1.267651e+30
2014-03-02,-1.267651e+30
2014-03-03,-1.267651e+30
2014-03-04,1.27552443e+16
2014-03-05,-1.267651e+30
2014-03-06,-1.267651e+30
2014-03-07,9.39628356e+15
2014-03-08,-1.267651e+30
2014-03-09,1.09521118e+16
2014-03-10,-1.267651e+30
2014-03-11,1.20872556e+16
2014-03-12,2.05389502e+16
2014-03-13,-1.267651e+30
2014-03-14,9.70954022e+15
2014-03-15,-1.267651e+30
2014-03-16,1.3704925e+16
2014-03-17,-1.267651e+30
2014-03-18,-1.267651e+30
2014-03-19,8.1903056e+15
2014-03-20,-1.267651e+30
2014-03-21,5.07690797e+15
2014-03-22,9.68001125e+15
2014-03-23,1.30790086e+16
2014-03-24,-1.267651e+30
2014-03-25,-1.267651e+30
2014-03-26,-1.267651e+30
2014-03-27,8.22475929e+15
2014-03-28,1.47157208e+16
2014-03-29,9.81662879e+15
2014-03-30,-1.267651e+30
2014-03-31,5.91354505e+15
2014-04-01,9.00469636e+15
2014-04-02,-1.267651e+30
2014-04-03,1.31399532e+16
2014-04-04,-1.267651e+30
2014-04-05,-1.267651e+30
2014-04-06,8.30874791e+15
2014-04-07,1.09087595e+16
2014-04-08,2.25654747e+16
2014-04-09,-1.267651e+30
2014-04-10,1.93972191e+16
2014-04-11,-1.267651e+30
2014-04-12,1.02556485e+16
2014-04-13,-1.267651e+30
2014-04-14,9.94748463e+15
2014-04-15,1.63457318e+16
2014-04-16,-1.267651e+30
2014-04-17,2.44654759e+16
2014-04-18,-1.267651e+30
2014-04-19,8.64461167e+15
2014-04-20,-1.267651e+30
2014-04-21,-1.267651e+30
2014-04-22,-1.267651e+30
2014-04-23,1.5577754e+16
2014-04-24,1.33265834e+16
2014-04-25,-1.267651e+30
2014-04-26,1.12848022e+16
2014-04-27,-1.267651e+30
2014-04-28,-1.267651e+30
2014-04-29,-1.267651e+30
2014-04-30,-1.267651e+30
2014-05-01,1.379213e+16
2014-05-02,1.29725675e+16
2014-05-03,7.80367479e+15
2014-05-04,-1.267651e+30
2014-05-05,-1.267651e+30
2014-05-06,-1.267651e+30
2014-05-07,1.2738465e+16
2014-05-08,9.30729721e+15
2014-05-09,1.10628093e+16
2014-05-10,7.04735843e+15
2014-05-11,-1.267651e+30
2014-05-12,-1.267651e+30
2014-05-13,-1.267651e+30
2014-05-14,-1.267651e+30
2014-05-15,-1.267651e+30
2014-05-16,1.04026084e+16
2014-05-17,7.44511482e+15
2014-05-18,7.70583168e+15
2014-05-19,1.06679235e+16
2014-05-20,-1.267651e+30
2014-05-21,8.51891033e+15
2014-05-22,7.58855438e+15
2014-05-23,1.29969844e+16
2014-05-24,8.41842742e+15
2014-05-25,7.68787281e+15
2014-05-26,-1.267651e+30
2014-05-27,-1.267651e+30
2014-05-28,1.34721431e+16
2014-05-29,-1.267651e+30
2014-05-30,1.25666394e+16
2014-05-31,1.05493889e+16
2014-06-01,7.52209244e+15
2014-06-02,1.15564331e+16
2014-06-03,6.73609625e+15
2014-06-04,-1.267651e+30
2014-06-05,-1.267651e+30
2014-06-06,-1.267651e+30
2014-06-07,-1.267651e+30
2014-06-08,6.66299054e+15
2014-06-09,9.91772266e+15
2014-06-10,7.29257369e+15
2014-06-11,-1.267651e+30
2014-06-12,-1.267651e+30
2014-06-13,1.03657178e+16
2014-06-14,-1.267651e+30
2014-06-15,8.49706827e+15
2014-06-16,1.53451987e+16
2014-06-17,-1.267651e+30
2014-06-18,-1.267651e+30
2014-06-19,1.11494366e+16
2014-06-20,1.42026945e+16
2014-06-21,-1.267651e+30
2014-06-22,-1.267651e+30
2014-06-23,7.57831303e+15
2014-06-24,1.34633459e+16
2014-06-25,1.29289457e+16
2014-06-26,1.12892013e+16
2014-06-27,-1.267651e+30
2014-06-28,-1.267651e+30
2014-06-29,1.09296008e+16
2014-06-30,-1.267651e+30
2014-07-01,1.01570436e+16
2014-07-02,5.95339966e+15
2014-07-03,-1.267651e+30
2014-07-04,1.24477032e+16
2014-07-05,-1.267651e+30
2014-07-06,-1.267651e+30
2014-07-07,-1.267651e+30
2014-07-08,-1.267651e+30
2014-07-09,-1.267651e+30
2014-07-10,-1.267651e+30
2014-07-11,6.59646471e+15
2014-07-12,8.28902006e+15
2014-07-13,-1.267651e+30
2014-07-14,-1.267651e+30
2014-07-15,8.86489732e+15
2014-07-16,-1.267651e+30
2014-07-17,7.74149601e+15
2014-07-18,6.82556901e+15
2014-07-19,7.33225435e+15
2014-07-20,8.02121918e+15
2014-07-21,8.12285207e+15
2014-07-22,7.7971851e+15
2014-07-23,-1.267651e+30
2014-07-24,9.33861182e+15
2014-07-25,8.38248069e+15
2014-07-26,6.6623522e+15
2014-07-27,8.39446634e+15
2014-07-28,9.49263149e+15
2014-07-29,1.05087638e+16
2014-07-30,-1.267651e+30
2014-07-31,8.15221676e+15
2014-08-01,-1.267651e+30
2014-08-02,-1.267651e+30
2014-08-03,-1.267651e+30
2014-08-04,-1.267651e+30
2014-08-05,6.66639483e+15
2014-08-06,8.16708486e+15
2014-08-07,9.66465352e+15
2014-08-08,-1.267651e+30
2014-08-09,-1.267651e+30
2014-08-10,-1.267651e+30
2014-08-11,6.56735611e+15
2014-08-12,-1.267651e+30
2014-08-13,-1.267651e+30
2014-08-14,6.81341317e+15
2014-08-15,-1.267651e+30
2014-08-16,-1.267651e+30
2014-08-17,-1.267651e+30
2014-08-18,6.85409725e+15
2014-08-19,7.33000647e+15
2014-08-20,6.70773014e+15
2014-08-21,7.38794182e+15
2014-08-22,-1.267651e+30
2014-08-23,1.0126457e+16
2014-08-24,-1.267651e+30
2014-08-25,-1.267651e+30
2014-08-26,7.10919469e+15
2014-08-27,5.75049091e+15
2014-08-28,-1.267651e+30
2014-08-29,3.55180508e+15
2014-08-30,8.81983453e+15
2014-08-31,-1.267651e+30
2014-09-01,-1.267651e+30
2014-09-02,-1.267651e+30
2014-09-03,-1.267651e+30
2014-09-04,-1.267651e+30
2014-09-05,-1.267651e+30
2014-09-06,9.37283734e+15
2014-09-07,-1.267651e+30
2014-09-08,7.57860186e+15
2014-09-09,-1.267651e+30
2014-09-10,8.12514719e+15
2014-09-11,-1.267651e+30
2014-09-12,6.24619134e+15
2014-09-13,9.2291782e+15
2014-09-14,-1.267651e+30
2014-09-15,1.08336899e+16
2014-09-16,-1.267651e+30
2014-09-17,9.935288e+15
2014-09-18,-1.267651e+30
2014-09-19,-1.267651e+30
2014-09-20,-1.267651e+30
2014-09-21,8.39443412e+15
2014-09-22,7.04108295e+15
2014-09-23,-1.267651e+30
2014-09-24,-1.267651e+30
2014-09-25,-1.267651e+30
2014-09-26,7.79890416e+15
2014-09-27,-1.267651e+30
2014-09-28,6.98988694e+15
2014-09-29,8.47941005e+15
2014-09-30,-1.267651e+30
2014-10-01,1.30157835e+16
2014-10-02,-1.267651e+30
2014-10-03,-1.267651e+30
2014-10-04,-1.267651e+30
2014-10-05,-1.267651e+30
2014-10-06,-1.267651e+30
2014-10-07,6.50794436e+15
2014-10-08,1.01781083e+16
2014-10-09,-1.267651e+30
2014-10-10,7.17377006e+15
2014-10-11,-1.267651e+30
2014-10-12,-1.267651e+30
2014-10-13,-1.267651e+30
2014-10-14,-1.267651e+30
2014-10-15,1.07594085e+16
2014-10-16,-1.267651e+30
2014-10-17,9.62179297e+15
2014-10-18,-1.267651e+30
2014-10-19,6.76444733e+15
2014-10-20,-1.267651e+30
2014-10-21,1.16456911e+16
2014-10-22,-1.267651e+30
2014-10-23,-1.267651e+30
2014-10-24,1.24083323e+16
2014-10-25,-1.267651e+30
2014-10-26,1.00180907e+16
2014-10-27,-1.267651e+30
2014-10-28,5.92656417e+15
2014-10-29,-1.267651e+30
2014-10-30,1.0752442e+16
2014-10-31,-1.267651e+30
2014-11-01,-1.267651e+30
2014-11-02,-1.267651e+30
2014-11-03,-1.267651e+30
2014-11-04,8.30742721e+15
2014-11-05,-1.267651e+30
2014-11-06,-1.267651e+30
2014-11-07,9.20578029e+15
2014-11-08,-1.267651e+30
2014-11-09,-1.267651e+30
2014-11-10,-1.267651e+30
2014-11-11,1.4089827e+16
2014-11-12,-1.267651e+30
2014-11-13,8.25810005e+15
2014-11-14,-1.267651e+30
2014-11-15,8.37662397e+15
2014-11-16,9.57171472e+15
2014-11-17,-1.267651e+30
2014-11-18,-1.267651e+30
2014-11-19,-1.267651e+30
2014-11-20,1.27038196e+16
2014-11-21,-1.267651e+30
2014-11-22,1.16203647e+16
2014-11-23,1.25596633e+16
2014-11-24,8.4947549e+15
2014-11-25,-1.267651e+30
2014-11-26,-1.267651e+30
2014-11-27,8.30637602e+15
2014-11-28,-1.267651e+30
2014-11-29,5.41091469e+15
2014-11-30,-1.267651e+30
2014-12-01,-1.267651e+30
2014-12-02,8.55986606e+15
2014-12-03,-1.267651e+30
2014-12-04,-1.267651e+30
2014-12-05,-1.267651e+30
2014-12-06,-1.267651e+30
2014-12-07,-1.267651e+30
2014-12-08,1.59365771e+16
2014-12-09,1.03087934e+16
2014-12-10,-1.267651e+30
2014-12-11,-1.267651e+30
2014-12-12,-1.267651e+30
2014-12-13,1.28900848e+16
2014-12-14,-1.267651e+30
2014-12-15,-1.267651e+30
2014-12-16,-1.267651e+30
2014-12-17,9.65382054e+15
2014-12-18,1.35617565e+16
2014-12-19,-1.267651e+30
2014-12-20,-1.267651e+30
2014-12-21,-1.267651e+30
2014-12-22,9.70533223e+15
2014-12-23,-1.267651e+30
2014-12-24,1.24343233e+16
2014-12-25,-1.267651e+30
2014-12-26,-1.267651e+30
2014-12-27,6.03234277e+15
2014-12-28,-1.267651e+30
2014-12-29,1.11168335e+16
2014-12-30,-1.267651e+30
2014-12-31,1.22156504e+16
2015-01-01,-1.267651e+30
2015-01-02,-1.267651e+30
2015-01-03,7.39969124e+15
2015-01-04,-1.267651e+30
2015-01-05,1.30602729e+16
2015-01-06,-1.267651e+30
2015-01-07,-1.267651e+30
2015-01-08,-1.267651e+30
2015-01-09,-1.267651e+30
2015-01-10,7.81550635e+15
2015-01-11,-1.267651e+30
2015-01-12,5.15824767e+15
2015-01-13,-1.267651e+30
2015-01-14,-1.267651e+30
2015-01-15,-1.267651e+30
2015-01-16,9.04742807e+15
2015-01-17,-1.267651e+30
2015-01-18,8.00262305e+15
2015-01-19,1.33208722e+16
2015-01-20,-1.267651e+30
2015-01-21,9.55197613e+15
2015-01-22,-1.267651e+30
2015-01-23,-1.267651e+30
2015-01-24,-1.267651e+30
2015-01-25,1.12836661e+16
2015-01-26,-1.267651e+30
2015-01-27,-1.267651e+30
2015-01-28,4.38516805e+15
2015-01-29,-1.267651e+30
2015-01-30,-1.267651e+30
2015-01-31,-1.267651e+30
2015-02-01,-1.267651e+30
2015-02-02,-1.267651e+30
2015-02-03,-1.267651e+30
2015-02-04,2.83108976e+16
2015-02-05,-1.267651e+30
2015-02-06,6.16355832e+15
2015-02-07,-1.267651e+30
2015-02-08,5.97700265e+15
2015-02-09,-1.267651e+30
2015-02-10,9.27803989e+15
2015-02-11,1.37811477e+16
2015-02-12,-1.267651e+30
2015-02-13,1.1096397e+16
2015-02-14,-1.267651e+30
2015-02-15,-1.267651e+30
2015-02-16,-1.267651e+30
2015-02-17,1.23412535e+16
2015-02-18,-1.267651e+30
2015-02-19,7.50592941e+15
2015-02-20,7.57356601e+15
2015-02-21,-1.267651e+30
2015-02-22,-1.267651e+30
2015-02-23,-1.267651e+30
2015-02-24,8.75111237e+15
2015-02-25,-1.267651e+30
2015-02-26,-1.267651e+30
2015-02-27,1.10615573e+16
2015-02-28,5.87843584e+15
2015-03-01,-1.267651e+30
2015-03-02,-1.267651e+30
2015-03-03,-1.267651e+30
2015-03-04,-1.267651e+30
2015-03-05,-1.267651e+30
2015-03-06,-1.267651e+30
2015-03-07,-1.267651e+30
2015-03-08,5.51032278e+15
2015-03-09,-1.267651e+30
2015-03-10,5.06001049e+15
2015-03-11,-1.267651e+30
2015-03-12,7.42173677e+15
2015-03-13,-1.267651e+30
2015-03-14,1.33152437e+16
2015-03-15,-1.267651e+30
2015-03-16,-1.267651e+30
2015-03-17,2.20416798e+16
2015-03-18,-1.267651e+30
2015-03-19,-1.267651e+30
2015-03-20,-1.267651e+30
2015-03-21,1.03798772e+16
2015-03-22,-1.267651e+30
2015-03-23,1.08605829e+16
2015-03-24,1.64502111e+16
2015-03-25,-1.267651e+30
2015-03-26,1.08708822e+16
2015-03-27,-1.267651e+30
2015-03-28,1.31888438e+16
2015-03-29,-1.267651e+30
2015-03-30,1.26736647e+16
2015-03-31,1.64537663e+16
2015-04-01,-1.267651e+30
2015-04-02,9.88554047e+15
2015-04-03,-1.267651e+30
2015-04-04,7.08518421e+15
2015-04-05,-1.267651e+30
2015-04-06,-1.267651e+30
2015-04-07,-1.267651e+30
2015-04-08,-1.267651e+30
2015-04-09,5.41554896e+15
2015-04-10,-1.267651e+30
2015-04-11,-1.267651e+30
2015-04-12,-1.267651e+30
2015-04-13,-1.267651e+30
2015-04-14,-1.267651e+30
2015-04-15,1.50553615e+16
2015-04-16,1.30478637e+16
2015-04-17,1.71694013e+16
2015-04-18,1.13553899e+16
2015-04-19,4.42606178e+15
2015-04-20,-1.267651e+30
2015-04-21,-1.267651e+30
2015-04-22,1.20887728e+16
2015-04-23,-1.267651e+30
2015-04-24,1.50291364e+16
2015-04-25,8.71070156e+15
2015-04-26,1.05865758e+16
2015-04-27,1.15561883e+16
2015-04-28,-1.267651e+30
2015-04-29,9.09109715e+15
2015-04-30,-1.267651e+30
2015-05-01,1.18734693e+16
2015-05-02,9.76749651e+15
2015-05-03,-1.267651e+30
2015-05-04,-1.267651e+30
2015-05-05,6.61696567e+15
2015-05-06,8.09855168e+15
2015-05-07,-1.267651e+30
2015-05-08,1.08147867e+16
2015-05-09,-1.267651e+30
2015-05-10,6.93347201e+15
2015-05-11,9.80282584e+15
2015-05-12,-1.267651e+30
2015-05-13,1.05804887e+16
2015-05-14,-1.267651e+30
2015-05-15,1.14771716e+16
2015-05-16,-1.267651e+30
2015-05-17,7.65880608e+15
2015-05-18,1.35234615e+16
2015-05-19,1.79965357e+16
2015-05-20,1.61752903e+16
2015-05-21,1.20953419e+16
2015-05-22,1.63674471e+16
2015-05-23,-1.267651e+30
2015-05-24,8.94509779e+15
2015-05-25,-1.267651e+30
2015-05-26,1.19108624e+16
2015-05-27,1.44604666e+16
2015-05-28,-1.267651e+30
2015-05-29,8.14989855e+15
2015-05-30,-1.267651e+30
2015-05-31,6.67512167e+15
2015-06-01,-1.267651e+30
2015-06-02,-1.267651e+30
2015-06-03,-1.267651e+30
2015-06-04,8.51840137e+15
2015-06-05,-1.267651e+30
2015-06-06,1.10607058e+16
2015-06-07,-1.267651e+30
2015-06-08,-1.267651e+30
2015-06-09,-1.267651e+30
2015-06-10,8.12270765e+15
2015-06-11,-1.267651e+30
2015-06-12,1.37172193e+16
2015-06-13,9.9651799e+15
2015-06-14,-1.267651e+30
2015-06-15,-1.267651e+30
2015-06-16,-1.267651e+30
2015-06-17,-1.267651e+30
2015-06-18,-1.267651e+30
2015-06-19,-1.267651e+30
2015-06-20,1.67301872e+16
2015-06-21,1.17958217e+16
2015-06-22,-1.267651e+30
2015-06-23,1.00940654e+16
2015-06-24,-1.267651e+30
2015-06-25,1.13195463e+16
2015-06-26,-1.267651e+30
2015-06-27,-1.267651e+30
2015-06-28,6.70676645e+15
2015-06-29,1.1308956e+16
2015-06-30,-1.267651e+30
2015-07-01,-1.267651e+30
2015-07-02,1.05417599e+16
2015-07-03,-1.267651e+30
2015-07-04,-1.267651e+30
2015-07-05,6.22966216e+15
2015-07-06,-1.267651e+30
2015-07-07,-1.267651e+30
2015-07-08,-1.267651e+30
2015-07-09,-1.267651e+30
2015-07-10,-1.267651e+30
2015-07-11,-1.267651e+30
2015-07-12,6.70359838e+15
2015-07-13,5.00947483e+15
2015-07-14,5.74665926e+15
2015-07-15,8.10577689e+15
2015-07-16,-1.267651e+30
2015-07-17,-1.267651e+30
2015-07-18,6.19665319e+15
2015-07-19,-1.267651e+30
2015-07-20,6.00800641e+15
2015-07-21,1.09818287e+16
2015-07-22,-1.267651e+30
2015-07-23,-1.267651e+30
2015-07-24,7.07539276e+15
2015-07-25,6.43909926e+15
2015-07-26,-1.267651e+30
2015-07-27,3.59418996e+15
2015-07-28,-1.267651e+30
2015-07-29,8.66358738e+15
2015-07-30,9.16650389e+15
2015-07-31,9.82393238e+15
2015-08-01,9.88796176e+15
2015-08-02,-1.267651e+30
2015-08-03,8.18474093e+15
2015-08-04,-1.267651e+30
2015-08-05,8.93057167e+15
2015-08-06,7.50767961e+15
2015-08-07,1.03619801e+16
2015-08-08,9.45847039e+15
2015-08-09,8.46639523e+15
2015-08-10,9.13573796e+15
2015-08-11,-1.267651e+30
2015-08-12,7.53776693e+15
2015-08-13,-1.267651e+30
2015-08-14,7.22265377e+15
2015-08-15,8.90200745e+15
2015-08-16,7.73334631e+15
2015-08-17,-1.267651e+30
2015-08-18,-1.267651e+30
2015-08-19,-1.267651e+30
2015-08-20,-1.267651e+30
2015-08-21,-1.267651e+30
2015-08-22,7.51256943e+15
2015-08-23,6.44145988e+15
2015-08-24,8.36350177e+15
2015-08-25,-1.267651e+30
2015-08-26,9.20385936e+15
2015-08-27,-1.267651e+30
2015-08-28,1.02643931e+16
2015-08-29,-1.267651e+30
2015-08-30,-1.267651e+30
2015-08-31,-1.267651e+30
2015-09-01,9.89182615e+15
2015-09-02,1.40291961e+16
2015-09-03,-1.267651e+30
2015-09-04,1.13788845e+16
2015-09-05,-1.267651e+30
2015-09-06,-1.267651e+30
2015-09-07,-1.267651e+30
2015-09-08,-1.267651e+30
2015-09-09,-1.267651e+30
2015-09-10,-1.267651e+30
2015-09-11,1.02680878e+16
2015-09-12,-1.267651e+30
2015-09-13,1.1507245e+16
2015-09-14,-1.267651e+30
2015-09-15,1.01683115e+16
2015-09-16,-1.267651e+30
2015-09-17,-1.267651e+30
2015-09-18,1.11686662e+16
2015-09-19,-1.267651e+30
2015-09-20,7.2369909e+15
2015-09-21,-1.267651e+30
2015-09-22,7.91380151e+15
2015-09-23,7.89385998e+15
2015-09-24,-1.267651e+30
2015-09-25,-1.267651e+30
2015-09-26,-1.267651e+30
2015-09-27,7.23261594e+15
2015-09-28,-1.267651e+30
2015-09-29,6.70007704e+15
2015-09-30,-1.267651e+30
2015-10-01,-1.267651e+30
2015-10-02,7.71989609e+15
2015-10-03,-1.267651e+30
2015-10-04,9.2617319e+15
2015-10-05,-1.267651e+30
2015-10-06,5.99751971e+15
2015-10-07,-1.267651e+30
2015-10-08,7.36149234e+15
2015-10-09,1.86085514e+16
2015-10-10,-1.267651e+30
2015-10-11,-1.267651e+30
2015-10-12,-1.267651e+30
2015-10-13,8.77109255e+15
2015-10-14,-1.267651e+30
2015-10-15,1.05615683e+16
2015-10-16,-1.267651e+30
2015-10-17,9.7636493e+15
2015-10-18,7.71492735e+15
2015-10-19,-1.267651e+30
2015-10-20,1.55253361e+16
2015-10-21,-1.267651e+30
2015-10-22,7.20558073e+15
2015-10-23,-1.267651e+30
2015-10-24,9.22434314e+15
2015-10-25,4.60632451e+15
2015-10-26,6.63749776e+15
2015-10-27,9.02955993e+15
2015-10-28,-1.267651e+30
2015-10-29,1.2046957e+16
2015-10-30,-1.267651e+30
2015-10-31,8.49739684e+15
2015-11-01,-1.267651e+30
2015-11-02,-1.267651e+30
2015-11-03,1.64385825e+16
2015-11-04,-1.267651e+30
2015-11-05,1.22028536e+16
2015-11-06,-1.267651e+30
2015-11-07,-1.267651e+30
2015-11-08,-1.267651e+30
2015-11-09,-1.267651e+30
2015-11-10,1.56666126e+16
2015-11-11,3.92939418e+15
2015-11-12,1.09963833e+16
2015-11-13,-1.267651e+30
2015-11-14,-1.267651e+30
2015-11-15,-1.267651e+30
2015-11-16,1.36743759e+16
2015-11-17,-1.267651e+30
2015-11-18,-1.267651e+30
2015-11-19,-1.267651e+30
2015-11-20,-1.267651e+30
2015-11-21,1.19260343e+16
2015-11-22,-1.267651e+30
2015-11-23,-1.267651e+30
2015-11-24,-1.267651e+30
2015-11-25,-1.267651e+30
2015-11-26,1.28601231e+16
2015-11-27,-1.267651e+30
2015-11-28,1.21808687e+16
2015-11-29,-1.267651e+30
2015-11-30,2.05780323e+16
2015-12-01,-1.267651e+30
2015-12-02,1.24400507e+16
2015-12-03,-1.267651e+30
2015-12-04,-1.267651e+30
2015-12-05,1.11407296e+16
2015-12-06,-1.267651e+30
2015-12-07,8.98816396e+15
2015-12-08,-1.267651e+30
2015-12-09,1.51879256e+16
2015-12-10,-1.267651e+30
2015-12-11,-1.267651e+30
2015-12-12,2.05316874e+16
2015-12-13,-1.267651e+30
2015-12-14,1.55921948e+16
2015-12-15,-1.267651e+30
2015-12-16,-1.267651e+30
2015-12-17,-1.267651e+30
2015-12-18,8.54370732e+15
2015-12-19,-1.267651e+30
2015-12-20,5.72129265e+15
2015-12-21,-1.267651e+30
2015-12-22,-1.267651e+30
2015-12-23,-1.267651e+30
2015-12-24,-1.267651e+30
2015-12-25,-1.267651e+30
2015-12-26,-1.267651e+30
2015-12-27,-1.267651e+30
2015-12-28,1.62217167e+16
2015-12-29,4.86598051e+15
2015-12-30,1.11389257e+16
2015-12-31,-1.267651e+30
2016-01-01,7.20733845e+15
2016-01-02,-1.267651e+30
2016-01-03,1.1953156e+16
2016-01-04,-1.267651e+30
2016-01-05,-1.267651e+30
2016-01-06,4.21491168e+16
2016-01-07,-1.267651e+30
2016-01-08,1.03270964e+16
2016-01-09,-1.267651e+30
2016-01-10,1.15907413e+16
2016-01-11,-1.267651e+30
2016-01-12,-1.267651e+30
2016-01-13,2.42320659e+16
2016-01-14,-1.267651e+30
2016-01-15,1.77429405e+16
2016-01-16,-1.267651e+30
2016-01-17,-1.267651e+30
2016-01-18,-1.267651e+30
2016-01-19,-1.267651e+30
2016-01-20,-1.267651e+30
2016-01-21,-1.267651e+30
2016-01-22,8.44536921e+15
2016-01-23,-1.267651e+30
2016-01-24,1.05143827e+16
2016-01-25,-1.267651e+30
2016-01-26,2.59502354e+16
2016-01-27,-1.267651e+30
2016-01-28,1.67056479e+16
2016-01-29,-1.267651e+30
2016-01-30,-1.267651e+30
2016-01-31,9.4687257e+15
2016-02-01,-1.267651e+30
2016-02-02,1.33171571e+16
2016-02-03,-1.267651e+30
2016-02-04,1.55804781e+16
2016-02-05,-1.267651e+30
2016-02-06,1.36959367e+16
2016-02-07,4.7331361e+15
2016-02-08,-1.267651e+30
2016-02-09,9.04782642e+15
2016-02-10,-1.267651e+30
2016-02-11,7.68877368e+15
2016-02-12,-1.267651e+30
2016-02-13,-1.267651e+30
2016-02-14,1.03670739e+16
2016-02-15,4.159966e+15
2016-02-16,1.6948407e+16
2016-02-17,-1.267651e+30
2016-02-18,1.6148917e+16
2016-02-19,-1.267651e+30
2016-02-20,-1.267651e+30
2016-02-21,-1.267651e+30
2016-02-22,-1.267651e+30
2016-02-23,1.21527957e+16
2016-02-24,-1.267651e+30
2016-02-25,1.49095624e+16
2016-02-26,-1.267651e+30
2016-02-27,1.33221714e+16
2016-02-28,-1.267651e+30
2016-02-29,-1.267651e+30
2016-03-01,9.56156786e+15
2016-03-02,-1.267651e+30
2016-03-03,2.17466478e+16
2016-03-04,-1.267651e+30
2016-03-05,1.27841473e+16
2016-03-06,-1.267651e+30
2016-03-07,1.24970964e+16
2016-03-08,-1.267651e+30
2016-03-09,-1.267651e+30
2016-03-10,-1.267651e+30
2016-03-11,-1.267651e+30
2016-03-12,1.40574312e+16
2016-03-13,-1.267651e+30
2016-03-14,-1.267651e+30
2016-03-15,-1.267651e+30
2016-03-16,1.73910989e+16
2016-03-17,1.91432727e+16
2016-03-18,-1.267651e+30
2016-03-19,-1.267651e+30
2016-03-20,-1.267651e+30
2016-03-21,5.94963566e+15
2016-03-22,-1.267651e+30
2016-03-23,2.03342156e+16
2016-03-24,-1.267651e+30
2016-03-25,1.07955463e+16
2016-03-26,9.74126393e+15
2016-03-27,-1.267651e+30
2016-03-28,2.50634169e+16
2016-03-29,-1.267651e+30
2016-03-30,-1.267651e+30
2016-03-31,-1.267651e+30
2016-04-01,-1.267651e+30
2016-04-02,6.27675647e+15
2016-04-03,-1.267651e+30
2016-04-04,-1.267651e+30
2016-04-05,-1.267651e+30
2016-04-06,1.46090682e+16
2016-04-07,-1.267651e+30
2016-04-08,-1.267651e+30
2016-04-09,-1.267651e+30
2016-04-10,-1.267651e+30
2016-04-11,5.50876425e+15
2016-04-12,1.12338005e+16
2016-04-13,-1.267651e+30
2016-04-14,-1.267651e+30
2016-04-15,9.55598548e+15
2016-04-16,-1.267651e+30
2016-04-17,8.35159451e+15
2016-04-18,-1.267651e+30
2016-04-19,1.34724341e+16
2016-04-20,1.09215349e+16
2016-04-21,-1.267651e+30
2016-04-22,1.09690394e+16
2016-04-23,-1.267651e+30
2016-04-24,8.26002903e+15
2016-04-25,-1.267651e+30
2016-04-26,1.14149397e+16
2016-04-27,-1.267651e+30
2016-04-28,-1.267651e+30
2016-04-29,1.09531147e+16
2016-04-30,-1.267651e+30
2016-05-01,1.15832584e+16
2016-05-02,-1.267651e+30
2016-05-03,-1.267651e+30
2016-05-04,9.75875089e+15
2016-05-05,8.31569986e+15
2016-05-06,-1.267651e+30
2016-05-07,6.97106263e+15
2016-05-08,8.19782502e+15
2016-05-09,-1.267651e+30
2016-05-10,-1.267651e+30
2016-05-11,-1.267651e+30
2016-05-12,1.12997218e+16
2016-05-13,1.12604883e+16
2016-05-14,9.23528349e+15
2016-05-15,8.35885408e+15
2016-05-16,-1.267651e+30
2016-05-17,8.85147663e+15
2016-05-18,-1.267651e+30
2016-05-19,1.19210114e+16
2016-05-20,9.66268643e+15
2016-05-21,1.02135987e+16
2016-05-22,8.00851306e+15
2016-05-23,1.1761244e+16
2016-05-24,7.01553809e+15
2016-05-25,-1.267651e+30
2016-05-26,-1.267651e+30
2016-05-27,6.73928365e+15
2016-05-28,-1.267651e+30
2016-05-29,-1.267651e+30
2016-06-10,-1.267651e+30
2016-06-13,-1.267651e+30
2016-06-14,1.48706908e+16
2016-06-15,8.79261249e+15
2016-06-16,-1.267651e+30
2016-06-17,-1.267651e+30
2016-06-18,9.91229919e+15
2016-06-19,-1.267651e+30
2016-06-20,1.00280754e+16
2016-06-21,9.33172376e+15
2016-06-22,-1.267651e+30
2016-06-23,1.32869302e+16
2016-06-24,-1.267651e+30
2016-06-25,-1.267651e+30
2016-06-26,-1.267651e+30
2016-06-27,9.63651934e+15
2016-06-28,-1.267651e+30
2016-06-29,-1.267651e+30
2016-06-30,-1.267651e+30
2016-07-01,1.11505157e+16
2016-07-02,6.43738503e+15
2016-07-03,-1.267651e+30
2016-07-04,8.10535705e+15
2016-07-05,-1.267651e+30
2016-07-06,7.11358844e+15
2016-07-07,1.45874291e+16
2016-07-08,-1.267651e+30
2016-07-09,-1.267651e+30
2016-07-10,8.92514068e+15
2016-07-11,1.01676092e+16
2016-07-12,-1.267651e+30
2016-07-13,-1.267651e+30
2016-07-14,-1.267651e+30
2016-07-15,4.30829351e+15
2016-07-16,8.49930219e+15
2016-07-17,7.35808428e+15
2016-07-18,8.62035692e+15
2016-07-19,-1.267651e+30
2016-07-20,7.56253385e+15
2016-07-21,-1.267651e+30
2016-07-22,8.95901455e+15
2016-07-23,6.88384097e+15
2016-07-24,6.89169915e+15
2016-07-25,7.11671464e+15
2016-07-26,-1.267651e+30
2016-07-27,1.07702457e+16
2016-07-28,-1.267651e+30
2016-07-29,7.29934524e+15
2016-07-30,8.54025524e+15
2016-07-31,7.62537674e+15
2016-08-01,1.04518169e+16
2016-08-02,7.52986848e+15
2016-08-03,8.59485287e+15
2016-08-04,-1.267651e+30
2016-08-05,8.125989e+15
2016-08-06,-1.267651e+30
2016-08-07,7.68803334e+15
2016-08-08,8.47955984e+15
2016-08-09,8.62523922e+15
2016-08-10,6.76000955e+15
2016-08-11,7.29323243e+15
2016-08-12,6.65089215e+15
2016-08-13,-1.267651e+30
2016-08-14,6.30608895e+15
2016-08-15,-1.267651e+30
2016-08-16,7.32028374e+15
2016-08-17,9.4768797e+15
2016-08-18,9.18720778e+15
2016-08-19,8.68774227e+15
2016-08-20,-1.267651e+30
2016-08-21,5.9138924e+15
2016-08-22,-1.267651e+30
2016-08-23,7.29393304e+15
2016-08-24,9.28686176e+15
2016-08-25,1.13859884e+16
2016-08-26,1.19908658e+16
2016-08-27,8.49960016e+15
2016-08-28,-1.267651e+30
2016-08-29,-1.267651e+30
2016-08-30,1.06622628e+16
2016-08-31,-1.267651e+30
2016-09-01,1.08398274e+16
2016-09-02,8.89815165e+15
2016-09-03,-1.267651e+30
2016-09-04,8.28442337e+15
2016-09-05,-1.267651e+30
2016-09-06,9.01482497e+15
2016-09-07,-1.267651e+30
2016-09-08,-1.267651e+30
2016-09-09,1.13251834e+16
2016-09-10,7.31064691e+15
2016-09-11,6.86484917e+15
2016-09-12,-1.267651e+30
2016-09-13,-1.267651e+30
2016-09-14,-1.267651e+30
2016-09-15,-1.267651e+30
2016-09-16,-1.267651e+30
2016-09-17,-1.267651e+30
2016-09-18,-1.267651e+30
2016-09-19,-1.267651e+30
2016-09-20,-1.267651e+30
2016-09-21,-1.267651e+30
2016-09-22,-1.267651e+30
2016-09-23,-1.267651e+30
2016-09-24,-1.267651e+30
2016-09-25,6.53897335e+15
2016-09-26,-1.267651e+30
2016-09-27,9.69977347e+15
2016-09-28,-1.267651e+30
2016-09-29,-1.267651e+30
2016-09-30,-1.267651e+30
2016-10-01,4.43574961e+15
2016-10-02,-1.267651e+30
2016-10-03,-1.267651e+30
2016-10-04,-1.267651e+30
2016-10-05,-1.267651e+30
2016-10-06,9.36454805e+15
2016-10-07,-1.267651e+30
2016-10-08,5.65781518e+15
2016-10-09,-1.267651e+30
2016-10-10,6.75053915e+15
2016-10-11,-1.267651e+30
2016-10-12,6.65682618e+15
2016-10-13,9.04256509e+15
2016-10-14,-1.267651e+30
2016-10-15,1.0074329e+16
2016-10-16,-1.267651e+30
2016-10-17,6.53282457e+15
2016-10-18,-1.267651e+30
2016-10-19,-1.267651e+30
2016-10-20,6.26705629e+15
2016-10-21,-1.267651e+30
2016-10-22,-1.267651e+30
2016-10-23,-1.267651e+30
2016-10-24,7.72872439e+15
2016-10-25,-1.267651e+30
2016-10-26,-1.267651e+30
2016-10-27,7.78301439e+15
2016-10-28,-1.267651e+30
2016-10-29,6.67227196e+15
2016-10-30,-1.267651e+30
2016-10-31,-1.267651e+30
2016-11-01,-1.267651e+30
2016-11-02,1.09843928e+16
2016-11-03,-1.267651e+30
2016-11-04,1.48280203e+16
2016-11-05,1.85692417e+16
2016-11-06,-1.267651e+30
2016-11-07,1.33560158e+16
2016-11-08,-1.267651e+30
2016-11-09,1.05076568e+16
2016-11-10,-1.267651e+30
2016-11-11,1.33957861e+16
2016-11-12,1.00497403e+16
2016-11-13,6.07916114e+15
2016-11-14,-1.267651e+30
2016-11-15,-1.267651e+30
2016-11-16,6.94345673e+15
2016-11-17,-1.267651e+30
2016-11-18,9.92299258e+15
2016-11-19,-1.267651e+30
2016-11-20,-1.267651e+30
2016-11-21,-1.267651e+30
2016-11-22,-1.267651e+30
2016-11-23,5.55509996e+15
2016-11-24,-1.267651e+30
2016-11-25,8.0881235e+15
2016-11-26,-1.267651e+30
2016-11-27,-1.267651e+30
2016-11-28,-1.267651e+30
2016-11-29,6.42306776e+15
2016-11-30,1.21840556e+16
2016-12-01,-1.267651e+30
2016-12-02,1.18074428e+16
2016-12-03,-1.267651e+30
2016-12-04,-1.267651e+30
2016-12-05,-1.267651e+30
2016-12-06,7.72145731e+15
2016-12-07,1.98327352e+16
2016-12-08,-1.267651e+30
2016-12-09,1.49854018e+16
2016-12-10,-1.267651e+30
2016-12-11,5.05217862e+15
2016-12-12,-1.267651e+30
2016-12-13,-1.267651e+30
2016-12-14,-1.267651e+30
2016-12-15,5.41610516e+15
2016-12-16,8.13058623e+15
2016-12-17,-1.267651e+30
2016-12-18,1.49692066e+16
2016-12-19,-1.267651e+30
2016-12-20,-1.267651e+30
2016-12-21,-1.267651e+30
2016-12-22,-1.267651e+30
2016-12-23,-1.267651e+30
2016-12-24,-1.267651e+30
2016-12-25,6.02852669e+15
2016-12-26,-1.267651e+30
2016-12-27,-1.267651e+30
2016-12-28,-1.267651e+30
2016-12-29,-1.267651e+30
2016-12-30,8.32860301e+15
2016-12-31,6.76229394e+15
2017-01-01,9.00950136e+15
2017-01-02,-1.267651e+30
2017-01-03,9.51013348e+15
2017-01-04,-1.267651e+30
2017-01-05,5.71965734e+15
2017-01-06,-1.267651e+30
2017-01-07,9.00762768e+15
2017-01-08,-1.267651e+30
2017-01-09,-1.267651e+30
2017-01-10,1.35864472e+16
2017-01-11,-1.267651e+30
2017-01-12,-1.267651e+30
2017-01-13,-1.267651e+30
2017-01-14,-1.267651e+30
2017-01-15,7.65695603e+15
2017-01-16,-1.267651e+30
2017-01-17,7.60770939e+15
2017-01-18,-1.267651e+30
2017-01-19,-1.267651e+30
2017-01-20,-1.267651e+30
2017-01-21,8.46869196e+15
2017-01-22,-1.267651e+30
2017-01-23,-1.267651e+30
2017-01-24,1.60845333e+16
2017-01-25,-1.267651e+30
2017-01-26,1.60617528e+16
2017-01-27,-1.267651e+30
2017-01-28,1.09404639e+16
2017-01-29,-1.267651e+30
2017-01-30,-1.267651e+30
2017-01-31,8.4619945e+15
2017-02-01,-1.267651e+30
2017-02-02,1.04998808e+16
2017-02-03,-1.267651e+30
2017-02-04,1.50067457e+16
2017-02-05,-1.267651e+30
2017-02-06,-1.267651e+30
2017-02-07,-1.267651e+30
2017-02-08,-1.267651e+30
2017-02-09,-1.267651e+30
2017-02-10,-1.267651e+30
2017-02-11,1.13295095e+16
2017-02-12,-1.267651e+30
2017-02-13,1.05897734e+16
2017-02-14,-1.267651e+30
2017-02-15,1.26481858e+16
2017-02-16,2.07132808e+16
2017-02-17,-1.267651e+30
2017-02-18,-1.267651e+30
2017-02-19,-1.267651e+30
2017-02-20,-1.267651e+30
2017-02-21,-1.267651e+30
2017-02-22,1.06126451e+16
2017-02-23,-1.267651e+30
2017-02-24,-1.267651e+30
2017-02-25,1.46265917e+16
2017-02-26,-1.267651e+30
2017-02-27,7.41204733e+15
2017-02-28,-1.267651e+30
2017-03-01,-1.267651e+30
2017-03-02,-1.267651e+30
2017-03-03,-1.267651e+30
2017-03-04,1.3855382e+16
2017-03-05,6.40621377e+15
2017-03-06,-1.267651e+30
2017-03-07,-1.267651e+30
2017-03-08,1.8682485e+16
2017-03-09,-1.267651e+30
2017-03-10,1.10775023e+16
2017-03-11,-1.267651e+30
2017-03-12,9.36484011e+15
2017-03-17,1.05537322e+16
2017-03-18,-1.267651e+30
2017-03-19,1.26096868e+16
2017-03-20,8.56106812e+15
2017-03-21,-1.267651e+30
2017-03-22,5.70074445e+15
2017-03-23,-1.267651e+30
2017-03-24,8.43338626e+15
2017-03-25,-1.267651e+30
2017-03-26,-1.267651e+30
2017-03-27,-1.267651e+30
2017-03-28,1.60443163e+16
2017-03-29,2.33017244e+16
2017-03-30,-1.267651e+30
2017-03-31,-1.267651e+30
2017-04-01,-1.267651e+30
2017-04-02,1.18500027e+16
2017-04-03,-1.267651e+30
2017-04-04,1.21324258e+16
2017-04-05,-1.267651e+30
2017-04-06,-1.267651e+30
2017-04-07,-1.267651e+30
2017-04-08,-1.267651e+30
2017-04-09,-1.267651e+30
2017-04-10,-1.267651e+30
2017-04-11,-1.267651e+30
2017-04-12,-1.267651e+30
2017-04-13,1.63293078e+16
2017-04-14,1.95752626e+16
2017-04-15,1.28813091e+16
2017-04-16,1.17494221e+16
2017-04-17,-1.267651e+30
2017-04-18,1.19198313e+16
2017-04-19,-1.267651e+30
2017-04-20,7.93779266e+15
2017-04-21,2.18296631e+16
2017-04-22,7.54351896e+15
2017-04-23,6.96022643e+15
2017-04-24,9.63163274e+15
2017-04-25,1.127503e+16
2017-04-26,-1.267651e+30
2017-04-27,7.87532988e+15
2017-04-28,-1.267651e+30
2017-04-29,1.27631653e+16
2017-04-30,6.89950902e+15
2017-05-01,1.54234155e+16
2017-05-02,8.26312946e+15
2017-05-03,-1.267651e+30
2017-05-04,6.59780421e+15
2017-05-05,-1.267651e+30
2017-05-06,-1.267651e+30
2017-05-07,7.28970948e+15
2017-05-08,1.11875909e+16
2017-05-09,-1.267651e+30
2017-05-10,-1.267651e+30
2017-05-11,1.15264929e+16
2017-05-12,-1.267651e+30
2017-05-13,-1.267651e+30
2017-05-14,6.55761512e+15
2017-05-15,9.53500564e+15
2017-05-16,-1.267651e+30
2017-05-17,1.05010705e+16
2017-05-18,1.15088234e+16
2017-05-19,-1.267651e+30
2017-05-20,1.11399061e+16
2017-05-21,-1.267651e+30
2017-05-22,1.06859882e+16
2017-05-23,9.18077821e+15
2017-05-24,-1.267651e+30
2017-05-25,-1.267651e+30
2017-05-26,8.72767527e+15
2017-05-27,1.11285888e+16
2017-05-28,-1.267651e+30
2017-05-29,1.21345593e+16
2017-05-30,-1.267651e+30
2017-05-31,9.59657077e+15
2017-06-01,1.04378969e+16
2017-06-02,1.05327963e+16
2017-06-03,9.62027255e+15
2017-06-04,-1.267651e+30
2017-06-05,9.52724678e+15
2017-06-06,-1.267651e+30
2017-06-07,-1.267651e+30
2017-06-08,1.09015901e+16
2017-06-09,1.00852135e+16
2017-06-10,1.12466832e+16
2017-06-11,6.26971863e+15
2017-06-12,-1.267651e+30
2017-06-13,-1.267651e+30
2017-06-14,1.13062523e+16
2017-06-15,1.25983513e+16
2017-06-16,1.01571102e+16
2017-06-17,8.02920621e+15
2017-06-18,1.12102684e+16
2017-06-19,1.24825891e+16
2017-06-20,-1.267651e+30
2017-06-21,-1.267651e+30
2017-06-22,-1.267651e+30
2017-06-23,1.24800357e+16
2017-06-24,9.76055799e+15
2017-06-25,-1.267651e+30
2017-06-26,-1.267651e+30
2017-06-27,7.70133861e+15
2017-06-28,1.98832161e+16
2017-06-29,-1.267651e+30
2017-06-30,8.03942931e+15
2017-07-01,-1.267651e+30
2017-07-02,7.82047187e+15
2017-07-03,6.89103827e+15
2017-07-04,-1.267651e+30
2017-07-05,-1.267651e+30
2017-07-06,-1.267651e+30
2017-07-07,1.1656581e+16
2017-07-08,-1.267651e+30
2017-07-09,-1.267651e+30
2017-07-10,9.26214422e+15
2017-07-11,4.95013825e+15
2017-07-12,-1.267651e+30
2017-07-13,1.2756506e+16
2017-07-14,9.30025561e+15
2017-07-15,-1.267651e+30
2017-07-16,5.93353061e+15
2017-07-17,5.10366454e+15
2017-07-18,-1.267651e+30
2017-07-19,1.05546717e+16
2017-07-20,8.34279197e+15
2017-07-21,9.9431145e+15
2017-07-22,-1.267651e+30
2017-07-23,-1.267651e+30
2017-07-24,-1.267651e+30
2017-07-25,-1.267651e+30
2017-07-26,5.00450824e+15
2017-07-27,7.85459593e+15
2017-07-28,1.05030344e+16
2017-07-29,5.01099579e+15
2017-07-30,9.16883176e+15
2017-07-31,-1.267651e+30
2017-08-01,6.26388392e+15
2017-08-02,-1.267651e+30
2017-08-03,6.83056083e+15
2017-08-04,6.74131034e+15
2017-08-05,9.61708354e+15
2017-08-06,7.66809234e+15
2017-08-07,-1.267651e+30
2017-08-08,8.24502993e+15
2017-08-09,-1.267651e+30
2017-08-10,7.12560737e+15
2017-08-11,7.68974703e+15
2017-08-12,9.58797762e+15
2017-08-13,8.66062224e+15
2017-08-14,5.44021227e+15
2017-08-15,-1.267651e+30
2017-08-16,-1.267651e+30
2017-08-17,8.69141232e+15
2017-08-18,6.66284182e+15
2017-08-19,9.13202067e+15
2017-08-20,8.61093215e+15
2017-08-21,1.03878315e+16
2017-08-22,-1.267651e+30
2017-08-23,-1.267651e+30
2017-08-24,8.20862793e+15
2017-08-25,-1.267651e+30
2017-08-26,7.54969083e+15
2017-08-27,5.90708595e+15
2017-08-28,8.12781383e+15
2017-08-29,8.56833037e+15
2017-08-30,8.00489294e+15
2017-08-31,6.12424165e+15
2017-09-01,-1.267651e+30
2017-09-02,8.48797958e+15
2017-09-03,-1.267651e+30
2017-09-04,1.162481e+16
2017-09-05,-1.267651e+30
2017-09-06,-1.267651e+30
2017-09-07,-1.267651e+30
2017-09-08,-1.267651e+30
2017-09-09,8.80466954e+15
2017-09-10,-1.267651e+30
2017-09-11,-1.267651e+30
2017-09-12,-1.267651e+30
2017-09-13,6.94665058e+15
2017-09-14,4.17955159e+15
2017-09-15,-1.267651e+30
2017-09-16,-1.267651e+30
2017-09-17,-1.267651e+30
2017-09-18,1.02089945e+16
2017-09-19,-1.267651e+30
2017-09-20,-1.267651e+30
2017-09-21,8.57279875e+15
2017-09-22,-1.267651e+30
2017-09-23,-1.267651e+30
2017-09-24,-1.267651e+30
2017-09-25,1.01232487e+16
2017-09-26,-1.267651e+30
2017-09-27,-1.267651e+30
2017-09-28,-1.267651e+30
2017-09-29,7.07364524e+15
2017-09-30,7.25192504e+15
2017-10-01,-1.267651e+30
2017-10-02,-1.267651e+30
2017-10-03,-1.267651e+30
2017-10-04,6.4512363e+15
2017-10-05,-1.267651e+30
2017-10-06,-1.267651e+30
2017-10-07,8.64004988e+15
2017-10-08,-1.267651e+30
2017-10-09,9.49256707e+15
2017-10-10,-1.267651e+30
2017-10-11,1.15925237e+16
2017-10-12,-1.267651e+30
2017-10-13,-1.267651e+30
2017-10-14,-1.267651e+30
2017-10-15,-1.267651e+30
2017-10-16,-1.267651e+30
2017-10-17,-1.267651e+30
2017-10-18,-1.267651e+30
2017-10-19,-1.267651e+30
2017-10-20,-1.267651e+30
2017-10-21,-1.267651e+30
2017-10-22,-1.267651e+30
2017-10-23,7.62610474e+15
2017-10-24,-1.267651e+30
2017-10-25,6.00245892e+15
2017-10-26,-1.267651e+30
2017-10-27,1.10864896e+16
2017-10-28,-1.267651e+30
2017-10-29,-1.267651e+30
2017-10-30,5.38741263e+15
2017-10-31,4.45748859e+15
2017-11-01,1.44291219e+16
2017-11-02,-1.267651e+30
2017-11-03,1.68324772e+16
2017-11-04,-1.267651e+30
2017-11-05,7.88819545e+15
2017-11-06,-1.267651e+30
2017-11-07,7.20628564e+15
2017-11-08,-1.267651e+30
2017-11-09,-1.267651e+30
2017-11-10,1.11190873e+16
2017-11-11,-1.267651e+30
2017-11-12,6.43986108e+15
2017-11-13,-1.267651e+30
2017-11-14,-1.267651e+30
2017-11-15,1.82784467e+16
2017-11-16,-1.267651e+30
2017-11-17,2.09362454e+16
2017-11-18,-1.267651e+30
2017-11-19,-1.267651e+30
2017-11-20,-1.267651e+30
2017-11-21,1.16738274e+16
2017-11-22,-1.267651e+30
2017-11-23,-1.267651e+30
2017-11-24,1.13024083e+16
2017-11-25,-1.267651e+30
2017-11-26,-1.267651e+30
2017-11-27,-1.267651e+30
2017-11-28,1.13574945e+16
2017-11-29,-1.267651e+30
2017-11-30,-1.267651e+30
2017-12-01,7.40477541e+15
2017-12-02,3.70240327e+15
2017-12-03,1.11796431e+16
2017-12-04,-1.267651e+30
2017-12-05,1.02614446e+16
2017-12-06,-1.267651e+30
2017-12-07,1.99367228e+16
2017-12-08,-1.267651e+30
2017-12-09,-1.267651e+30
2017-12-10,1.05191598e+16
2017-12-11,-1.267651e+30
2017-12-12,9.69387648e+15
2017-12-13,-1.267651e+30
2017-12-14,7.54514729e+15
2017-12-15,-1.267651e+30
2017-12-16,-1.267651e+30
2017-12-17,6.4438409e+15
2017-12-18,8.59364008e+15
2017-12-19,2.23861684e+16
2017-12-20,-1.267651e+30
2017-12-21,1.57487517e+16
2017-12-22,-1.267651e+30
2017-12-23,1.63301571e+16
2017-12-24,-1.267651e+30
2017-12-25,-1.267651e+30
2017-12-26,7.82470564e+15
2017-12-27,-1.267651e+30
2017-12-28,1.28820855e+16
2017-12-29,-1.267651e+30
2017-12-30,6.60999816e+15
2017-12-31,-1.267651e+30
2018-01-01,5.72282971e+15
2018-01-02,7.59705251e+15
2018-01-03,4.13719409e+15
2018-01-04,9.1822836e+15
2018-01-05,-1.267651e+30
2018-01-06,-1.267651e+30
2018-01-07,-1.267651e+30
2018-01-08,-1.267651e+30
2018-01-09,-1.267651e+30
2018-01-10,-1.267651e+30
2018-01-11,1.35967455e+16
2018-01-12,-1.267651e+30
2018-01-13,1.58891864e+16
2018-01-14,-1.267651e+30
2018-01-15,1.47818204e+16
2018-01-16,-1.267651e+30
2018-01-17,-1.267651e+30
2018-01-18,1.52888058e+16
2018-01-19,3.55523327e+15
2018-01-20,2.82250927e+16
2018-01-21,-1.267651e+30
2018-01-22,-1.267651e+30
2018-01-23,-1.267651e+30
2018-01-24,7.41877432e+15
2018-01-25,-1.267651e+30
2018-01-26,-1.267651e+30
2018-01-27,5.4656868e+15
2018-01-28,-1.267651e+30
2018-01-29,1.48275446e+16
2018-01-30,-1.267651e+30
2018-01-31,1.97069163e+16
2018-02-01,-1.267651e+30
2018-02-02,6.56922979e+15
2018-02-03,2.96013785e+16
2018-02-04,7.72090379e+15
2018-02-05,1.54048827e+16
2018-02-06,-1.267651e+30
2018-02-07,1.09621578e+16
2018-02-08,-1.267651e+30
2018-02-09,1.77826023e+16
2018-02-10,-1.267651e+30
2018-02-11,-1.267651e+30
2018-02-12,9.41977381e+15
2018-02-13,-1.267651e+30
2018-02-14,1.34771253e+16
2018-02-15,-1.267651e+30
2018-02-16,8.63613609e+15
2018-02-17,-1.267651e+30
2018-02-18,5.10759927e+15
2018-02-19,1.05286377e+16
2018-02-20,5.38678288e+15
2018-02-21,-1.267651e+30
2018-02-22,-1.267651e+30
2018-02-23,1.51825934e+16
2018-02-24,-1.267651e+30
2018-02-25,-1.267651e+30
2018-02-26,-1.267651e+30
2018-02-27,1.29640538e+16
2018-02-28,9.59183879e+15
2018-03-01,-1.267651e+30
2018-03-02,7.95299309e+15
2018-03-03,-1.267651e+30
2018-03-04,9.41421183e+15
2018-03-05,-1.267651e+30
2018-03-06,7.15371954e+15
2018-03-07,-1.267651e+30
2018-03-08,-1.267651e+30
2018-03-09,-1.267651e+30
2018-03-10,-1.267651e+30
2018-03-11,1.30860041e+16
2018-03-12,-1.267651e+30
2018-03-13,1.69989147e+16
2018-03-14,-1.267651e+30
2018-03-15,1.07855756e+16
2018-03-16,-1.267651e+30
2018-03-17,-1.267651e+30
2018-03-18,9.90232091e+15
2018-03-19,-1.267651e+30
2018-03-20,-1.267651e+30
2018-03-21,-1.267651e+30
2018-03-22,-1.267651e+30
2018-03-23,1.30310854e+16
2018-03-24,1.29422247e+16
2018-03-25,1.59969944e+16
2018-03-26,-1.267651e+30
2018-03-27,1.91118035e+16
2018-03-28,-1.267651e+30
2018-03-29,1.73245591e+16
2018-03-30,-1.267651e+30
2018-03-31,9.96333843e+15
2018-04-01,9.52698371e+15
2018-04-02,-1.267651e+30
2018-04-03,1.47394204e+16
2018-04-04,-1.267651e+30
2018-04-05,-1.267651e+30
2018-04-06,-1.267651e+30
2018-04-07,-1.267651e+30
2018-04-08,9.00640791e+15
2018-04-09,-1.267651e+30
2018-04-10,1.18327831e+16
2018-04-11,-1.267651e+30
2018-04-12,2.7006188e+15
2018-04-13,-1.267651e+30
2018-04-14,-1.267651e+30
2018-04-15,-1.267651e+30
2018-04-16,7.55997405e+15
2018-04-17,-1.267651e+30
2018-04-18,1.22148129e+16
2018-04-19,1.20850866e+16
2018-04-20,-1.267651e+30
2018-04-21,9.09396082e+15
2018-04-22,-1.267651e+30
2018-04-23,8.560484e+15
2018-04-24,-1.267651e+30
2018-04-25,-1.267651e+30
2018-04-26,8.19950703e+15
2018-04-27,1.33507362e+16
2018-04-28,1.03237205e+16
2018-04-29,-1.267651e+30
2018-04-30,-1.267651e+30
2018-05-01,8.49762715e+15
2018-05-02,-1.267651e+30
2018-05-03,7.28123229e+15
2018-05-04,1.01566313e+16
2018-05-05,7.06636366e+15
2018-05-06,-1.267651e+30
2018-05-07,-1.267651e+30
2018-05-08,-1.267651e+30
2018-05-09,1.32539029e+16
2018-05-10,8.88055946e+15
2018-05-11,1.03893498e+16
2018-05-12,8.95418808e+15
2018-05-13,-1.267651e+30
2018-05-14,8.68269407e+15
2018-05-15,-1.267651e+30
2018-05-16,9.16881458e+15
2018-05-17,-1.267651e+30
2018-05-18,-1.267651e+30
2018-05-19,4.80422586e+15
2018-05-20,6.89554959e+15
2018-05-21,8.49172372e+15
2018-05-22,-1.267651e+30
2018-05-23,-1.267651e+30
2018-05-24,-1.267651e+30
2018-05-25,1.061854e+16
2018-05-26,6.87466746e+15
2018-05-27,7.8281502e+15
2018-05-28,-1.267651e+30
2018-05-29,-1.267651e+30
2018-05-30,-1.267651e+30
2018-05-31,-1.267651e+30
2018-06-01,9.65843441e+15
2018-06-02,8.28225387e+15
2018-06-03,7.30037925e+15
2018-06-04,9.1278932e+15
2018-06-05,-1.267651e+30
2018-06-06,-1.267651e+30
2018-06-07,-1.267651e+30
2018-06-08,-1.267651e+30
2018-06-09,-1.267651e+30
2018-06-10,-1.267651e+30
2018-06-11,5.65451772e+15
2018-06-12,7.01023649e+15
2018-06-13,1.18967094e+16
2018-06-14,-1.267651e+30
2018-06-15,-1.267651e+30
2018-06-16,-1.267651e+30
2018-06-17,8.77837252e+15
2018-06-18,-1.267651e+30
2018-06-19,-1.267651e+30
2018-06-20,-1.267651e+30
2018-06-21,1.06483342e+16
2018-06-22,1.3283142e+16
2018-06-23,-1.267651e+30
2018-06-24,7.51513674e+15
2018-06-25,-1.267651e+30
2018-06-26,9.43865556e+15
2018-06-27,7.6375664e+15
2018-06-28,4.00245425e+15
2018-06-29,2.35778941e+15
2018-06-30,7.16159168e+15
2018-07-01,5.57061714e+15
2018-07-02,-1.267651e+30
2018-07-03,7.11797092e+15
2018-07-04,-1.267651e+30
2018-07-05,-1.267651e+30
2018-07-06,-1.267651e+30
2018-07-07,-1.267651e+30
2018-07-08,8.74549025e+15
2018-07-09,-1.267651e+30
2018-07-10,7.52502752e+15
2018-07-11,-1.267651e+30
2018-07-12,-1.267651e+30
2018-07-13,7.46068568e+15
2018-07-14,6.19988354e+15
2018-07-15,8.11644505e+15
2018-07-16,8.09749726e+15
2018-07-17,8.40671827e+15
2018-07-18,-1.267651e+30
2018-07-19,8.55962018e+15
2018-07-20,-1.267651e+30
2018-07-21,8.78952816e+15
2018-07-22,6.34374884e+15
2018-07-23,1.04412759e+16
2018-07-24,8.32543923e+15
2018-07-25,-1.267651e+30
2018-07-26,7.0178155e+15
2018-07-27,-1.267651e+30
2018-07-28,-1.267651e+30
2018-07-29,7.24859751e+15
2018-07-30,6.30903154e+15
2018-07-31,6.88581881e+15
2018-08-01,8.06422576e+15
2018-08-02,7.92799155e+15
2018-08-03,-1.267651e+30
2018-08-04,6.7904555e+15
2018-08-05,7.72090755e+15
2018-08-06,7.35212663e+15
2018-08-07,6.53058206e+15
2018-08-08,8.08087145e+15
2018-08-09,5.22118451e+15
2018-08-10,-1.267651e+30
2018-08-11,6.29761391e+15
2018-08-12,-1.267651e+30
2018-08-13,6.20145711e+15
2018-08-14,6.35393972e+15
2018-08-15,-1.267651e+30
2018-08-16,-1.267651e+30
2018-08-17,5.84937341e+15
2018-08-18,7.64817926e+15
2018-08-19,-1.267651e+30
2018-08-20,5.53136705e+15
2018-08-21,-1.267651e+30
2018-08-22,5.93670781e+15
2018-08-23,5.40740248e+15
2018-08-24,9.96572965e+15
2018-08-25,6.14728576e+15
2018-08-26,-1.267651e+30
2018-08-27,8.57343923e+15
2018-08-28,-1.267651e+30
2018-08-29,7.85870782e+15
2018-08-30,1.16533393e+16
2018-08-31,8.08937387e+15
2018-09-01,-1.267651e+30
2018-09-02,-1.267651e+30
2018-09-03,7.62574396e+15
2018-09-04,-1.267651e+30
2018-09-05,9.58112178e+15
2018-09-06,-1.267651e+30
2018-09-07,-1.267651e+30
2018-09-08,-1.267651e+30
2018-09-09,-1.267651e+30
2018-09-10,7.87564824e+15
2018-09-11,-1.267651e+30
2018-09-12,-1.267651e+30
2018-09-13,-1.267651e+30
2018-09-14,-1.267651e+30
2018-09-15,-1.267651e+30
2018-09-16,-1.267651e+30
2018-09-17,-1.267651e+30
2018-09-18,-1.267651e+30
2018-09-19,5.61291344e+15
2018-09-20,-1.267651e+30
2018-09-21,-1.267651e+30
2018-09-22,-1.267651e+30
2018-09-23,7.31843046e+15
2018-09-24,3.67006405e+15
2018-09-25,-1.267651e+30
2018-09-26,-1.267651e+30
2018-09-27,-1.267651e+30
2018-09-28,7.96935262e+15
2018-09-29,-1.267651e+30
2018-09-30,-1.267651e+30
2018-10-01,9.38019998e+15
2018-10-02,1.14679567e+16
2018-10-03,8.85888276e+15
2018-10-04,-1.267651e+30
2018-10-05,-1.267651e+30
2018-10-06,-1.267651e+30
2018-10-07,9.09163831e+15
2018-10-08,-1.267651e+30
2018-10-09,8.65870668e+15
2018-10-10,-1.267651e+30
2018-10-11,-1.267651e+30
2018-10-12,-1.267651e+30
2018-10-13,-1.267651e+30
2018-10-14,7.16754719e+15
2018-10-15,-1.267651e+30
2018-10-16,-1.267651e+30
2018-10-17,-1.267651e+30
2018-10-18,-1.267651e+30
2018-10-19,1.56802427e+16
2018-10-20,-1.267651e+30
2018-10-21,4.93464684e+15
2018-10-22,-1.267651e+30
2018-10-23,-1.267651e+30
2018-10-24,-1.267651e+30
2018-10-25,7.05343742e+15
2018-10-26,1.05198277e+16
2018-10-27,-1.267651e+30
2018-10-28,8.26856957e+15
2018-10-29,-1.267651e+30
2018-10-30,1.16143883e+16
2018-10-31,-1.267651e+30
2018-11-01,-1.267651e+30
2018-11-02,1.69113747e+16
2018-11-03,-1.267651e+30
2018-11-04,1.36541896e+16
2018-11-05,-1.267651e+30
2018-11-06,1.14021611e+16
2018-11-07,-1.267651e+30
2018-11-08,1.14906063e+16
2018-11-09,-1.267651e+30
2018-11-10,9.62662588e+15
2018-11-11,6.86106798e+15
2018-11-12,-1.267651e+30
2018-11-13,-1.267651e+30
2018-11-14,-1.267651e+30
2018-11-15,9.2530099e+15
2018-11-16,-1.267651e+30
2018-11-17,7.8280643e+15
2018-11-18,9.83847944e+15
2018-11-19,-1.267651e+30
2018-11-20,8.60189447e+15
2018-11-21,-1.267651e+30
2018-11-22,-1.267651e+30
2018-11-23,-1.267651e+30
2018-11-24,9.52451948e+15
2018-11-25,-1.267651e+30
2018-11-26,-1.267651e+30
2018-11-27,2.28966188e+16
2018-11-28,-1.267651e+30
2018-11-29,1.02222799e+16
2018-11-30,-1.267651e+30
2018-12-01,9.65098801e+15
2018-12-02,-1.267651e+30
2018-12-03,-1.267651e+30
2018-12-04,3.15922311e+16
2018-12-05,4.78287182e+15
2018-12-06,-1.267651e+30
2018-12-07,-1.267651e+30
2018-12-08,9.86755422e+15
2018-12-09,-1.267651e+30
2018-12-10,8.85319569e+15
2018-12-11,-1.267651e+30
2018-12-12,-1.267651e+30
2018-12-13,1.78939268e+16
2018-12-14,-1.267651e+30
2018-12-15,7.10574959e+15
2018-12-16,-1.267651e+30
2018-12-17,1.87115748e+16
2018-12-18,-1.267651e+30
2018-12-19,1.08039602e+16
2018-12-20,-1.267651e+30
2018-12-21,7.1289612e+15
2018-12-22,-1.267651e+30
2018-12-23,-1.267651e+30
2018-12-24,6.41142571e+15
2018-12-25,-1.267651e+30
2018-12-26,-1.267651e+30
2018-12-27,-1.267651e+30
2018-12-28,-1.267651e+30
2018-12-29,4.06424031e+15
2018-12-30,-1.267651e+30
2018-12-31,-1.267651e+30
2019-01-01,-1.267651e+30
2019-01-02,-1.267651e+30
2019-01-03,-1.267651e+30
2019-01-04,6.99692746e+15
2019-01-05,1.08930904e+16
2019-01-06,-1.267651e+30
2019-01-07,1.62167421e+16
2019-01-08,-1.267651e+30
2019-01-09,-1.267651e+30
2019-01-10,-1.267651e+30
2019-01-11,8.11405812e+15
2019-01-12,-1.267651e+30
2019-01-13,5.44934659e+15
2019-01-14,7.23977243e+15
2019-01-15,-1.267651e+30
2019-01-16,8.06077637e+15
2019-01-17,-1.267651e+30
2019-01-18,-1.267651e+30
2019-01-19,-1.267651e+30
2019-01-20,-1.267651e+30
2019-01-21,1.55317474e+16
2019-01-22,6.74612124e+15
2019-01-23,1.99052514e+16
2019-01-24,-1.267651e+30
2019-01-25,1.89745406e+16
2019-01-26,-1.267651e+30
2019-01-27,5.49510249e+15
2019-01-28,-1.267651e+30
2019-01-29,-1.267651e+30
2019-01-30,1.19049246e+16
2019-01-31,-1.267651e+30
2019-02-01,1.24043176e+16
2019-02-02,-1.267651e+30
2019-02-03,-1.267651e+30
2019-02-04,-1.267651e+30
2019-02-05,9.85027879e+15
2019-02-06,1.06559653e+16
2019-02-07,-1.267651e+30
2019-02-08,-1.267651e+30
2019-02-09,-1.267651e+30
2019-02-10,-1.267651e+30
2019-02-11,-1.267651e+30
2019-02-12,1.04384746e+16
2019-02-13,-1.267651e+30
2019-02-14,-1.267651e+30
2019-02-15,5.78746628e+15
2019-02-16,-1.267651e+30
2019-02-17,6.48027511e+15
2019-02-18,-1.267651e+30
2019-02-19,-1.267651e+30
2019-02-20,-1.267651e+30
2019-02-21,-1.267651e+30
2019-02-22,1.20220924e+16
2019-02-23,4.41132199e+15
2019-02-24,8.59734556e+15
2019-02-25,-1.267651e+30
2019-02-26,9.20807165e+15
2019-02-27,-1.267651e+30
2019-02-28,-1.267651e+30
2019-03-01,-1.267651e+30
2019-03-02,9.09549627e+15
2019-03-03,-1.267651e+30
2019-03-04,-1.267651e+30
2019-03-05,1.02091716e+16
2019-03-06,-1.267651e+30
2019-03-07,-1.267651e+30
2019-03-08,-1.267651e+30
2019-03-09,1.2174146e+16
2019-03-10,-1.267651e+30
2019-03-11,-1.267651e+30
2019-03-12,1.0438408e+16
2019-03-13,-1.267651e+30
2019-03-14,1.69442161e+16
2019-03-15,-1.267651e+30
2019-03-16,-1.267651e+30
2019-03-17,-1.267651e+30
2019-03-18,1.28522591e+16
2019-03-19,-1.267651e+30
2019-03-20,-1.267651e+30
2019-03-21,-1.267651e+30
2019-03-22,-1.267651e+30
2019-03-23,-1.267651e+30
2019-03-24,-1.267651e+30
2019-03-25,-1.267651e+30
2019-03-26,1.70484797e+16
2019-03-27,1.58952284e+16
2019-03-28,-1.267651e+30
2019-03-29,-1.267651e+30
2019-03-30,-1.267651e+30
2019-03-31,-1.267651e+30
2019-04-01,1.74060787e+16
2019-04-02,-1.267651e+30
2019-04-03,-1.267651e+30
2019-04-04,1.43467928e+16
2019-04-05,-1.267651e+30
2019-04-06,1.42134802e+16
2019-04-07,-1.267651e+30
2019-04-08,1.49650651e+16
2019-04-09,-1.267651e+30
2019-04-10,-1.267651e+30
2019-04-11,8.388739e+15
2019-04-12,2.38513922e+16
2019-04-13,1.08978546e+16
2019-04-14,-1.267651e+30
2019-04-15,8.46835856e+15
2019-04-16,-1.267651e+30
2019-04-17,1.00076281e+16
2019-04-18,9.86506851e+15
2019-04-19,5.62231835e+15
2019-04-20,8.85413521e+15
2019-04-21,9.90343438e+15
2019-04-22,7.74604277e+15
2019-04-23,-1.267651e+30
2019-04-24,-1.267651e+30
2019-04-25,-1.267651e+30
2019-04-26,1.13338238e+16
2019-04-27,5.73004311e+15
2019-04-28,2.52317813e+15
2019-04-29,-1.267651e+30
2019-04-30,-1.267651e+30
2019-05-01,-1.267651e+30
2019-05-02,-1.267651e+30
2019-05-03,9.45178206e+15
2019-05-04,-1.267651e+30
2019-05-05,8.90520989e+15
2019-05-06,7.92703592e+15
2019-05-07,9.24445003e+15
2019-05-08,1.20559324e+16
2019-05-09,-1.267651e+30
2019-05-10,1.05371214e+16
2019-05-11,-1.267651e+30
2019-05-12,1.0270959e+16
2019-05-13,1.08407498e+16
2019-05-14,-1.267651e+30
2019-05-15,9.81079945e+15
2019-05-16,1.2674627e+15
2019-05-17,1.0670887e+16
2019-05-18,-1.267651e+30
2019-05-19,7.96881092e+15
2019-05-20,-1.267651e+30
2019-05-21,9.30258993e+15
2019-05-22,9.21505634e+15
2019-05-23,1.03553519e+16
2019-05-24,1.21759402e+16
2019-05-25,-1.267651e+30
2019-05-26,9.1434936e+15
2019-05-27,-1.267651e+30
2019-05-28,-1.267651e+30
2019-05-29,5.36765363e+15
2019-05-30,1.14358433e+16
2019-05-31,-1.267651e+30
2019-06-01,9.95988206e+15
2019-06-02,-1.267651e+30
2019-06-03,-1.267651e+30
2019-06-04,1.08680164e+16
2019-06-05,-1.267651e+30
2019-06-06,1.04181744e+16
2019-06-07,-1.267651e+30
2019-06-08,-1.267651e+30
2019-06-09,8.65398866e+15
2019-06-10,-1.267651e+30
2019-06-11,1.52455491e+16
2019-06-12,-1.267651e+30
2019-06-13,1.52557571e+16
2019-06-14,-1.267651e+30
2019-06-15,-1.267651e+30
2019-06-16,1.09661811e+16
2019-06-17,2.69230589e+15
2019-06-18,-1.267651e+30
2019-06-19,-1.267651e+30
2019-06-20,1.46066372e+16
2019-06-21,9.00031764e+15
2019-06-22,8.41288691e+15
2019-06-23,-1.267651e+30
2019-06-24,1.5083937e+16
2019-06-25,9.63478202e+15
2019-06-26,-1.267651e+30
2019-06-27,-1.267651e+30
2019-06-28,-1.267651e+30
2019-06-29,7.38443498e+15
2019-06-30,-1.267651e+30
2019-07-01,-1.267651e+30
2019-07-02,-1.267651e+30
2019-07-03,-1.267651e+30
2019-07-04,-1.267651e+30
2019-07-05,-1.267651e+30
2019-07-06,-1.267651e+30
2019-07-07,-1.267651e+30
2019-07-08,-1.267651e+30
2019-07-09,-1.267651e+30
2019-07-10,1.44838431e+16
2019-07-11,-1.267651e+30
2019-07-12,-1.267651e+30
2019-07-13,-1.267651e+30
2019-07-14,-1.267651e+30
2019-07-15,-1.267651e+30
2019-07-16,6.56388202e+15
2019-07-17,1.10870898e+16
2019-07-18,-1.267651e+30
2019-07-19,-1.267651e+30
2019-07-20,-1.267651e+30
2019-07-21,-1.267651e+30
2019-07-22,-1.267651e+30
2019-07-23,7.79303347e+15
2019-07-24,7.78752625e+15
2019-07-25,9.50919718e+15
2019-07-26,8.363345e+15
2019-07-27,-1.267651e+30
2019-07-28,-1.267651e+30
2019-07-29,6.26195816e+15
2019-07-30,-1.267651e+30
2019-07-31,8.23085868e+15
2019-08-01,8.96754973e+15
2019-08-02,8.87850271e+15
2019-08-03,9.79926746e+15
2019-08-04,4.71594281e+15
2019-08-05,6.69890505e+15
2019-08-06,-1.267651e+30
2019-08-07,6.55336633e+15
2019-08-08,-1.267651e+30
2019-08-09,7.78589792e+15
2019-08-10,7.09068445e+15
2019-08-11,8.98952869e+15
2019-08-12,7.33643013e+15
2019-08-13,-1.267651e+30
2019-08-14,-1.267651e+30
2019-08-15,-1.267651e+30
2019-08-16,6.70581404e+15
2019-08-17,8.09905258e+15
2019-08-18,7.44442548e+15
2019-08-19,-1.267651e+30
2019-08-20,-4.70931621e+15
2019-08-21,8.11132437e+15
2019-08-22,-1.267651e+30
2019-08-23,-1.267651e+30
2019-08-24,5.06144125e+15
2019-08-25,7.26231564e+15
2019-08-26,8.88246428e+15
2019-08-27,-1.267651e+30
2019-08-28,-1.267651e+30
2019-08-29,-1.267651e+30
2019-08-30,-1.267651e+30
2019-08-31,-1.267651e+30
2019-09-01,-1.267651e+30
2019-09-02,1.04125856e+16
2019-09-03,5.03848143e+15
2019-09-04,8.27302667e+15
2019-09-05,-1.267651e+30
2019-09-06,7.08768657e+15
2019-09-07,-1.267651e+30
2019-09-08,5.52747151e+15
2019-09-09,-1.267651e+30
2019-09-10,7.69255164e+15
2019-09-11,1.29242126e+16
2019-09-12,-1.267651e+30
2019-09-13,-1.267651e+30
2019-09-14,-1.267651e+30
2019-09-15,7.14181604e+15
2019-09-16,-1.267651e+30
2019-09-17,6.87895115e+15
2019-09-18,6.48925857e+15
2019-09-19,5.99712887e+15
2019-09-20,3.2878541e+15
2019-09-21,-1.267651e+30
2019-09-22,-1.267651e+30
2019-09-23,-1.267651e+30
2019-09-24,-1.267651e+30
2019-09-25,-1.267651e+30
2019-09-26,7.51642523e+15
2019-09-27,-7.63049259e+13
2019-09-28,-1.267651e+30
2019-09-29,6.94133072e+15
2019-09-30,-1.267651e+30
2019-10-01,7.0401606e+15
2019-10-02,-1.267651e+30
2019-10-03,-1.267651e+30
2019-10-04,9.08921488e+15
2019-10-05,7.80565477e+15
2019-10-06,6.08022629e+15
2019-10-07,-1.267651e+30
2019-10-08,-1.267651e+30
2019-10-09,-1.267651e+30
2019-10-10,1.09565496e+16
2019-10-11,-1.267651e+30
2019-10-12,-1.267651e+30
2019-10-13,7.23283928e+15
2019-10-14,-1.267651e+30
2019-10-15,9.84496699e+15
2019-10-16,-1.267651e+30
2019-10-17,-1.267651e+30
2019-10-18,-1.267651e+30
2019-10-19,-1.267651e+30
2019-10-20,6.19382388e+15
2019-10-21,-1.267651e+30
2019-10-22,7.29764014e+15
2019-10-23,-1.267651e+30
2019-10-24,-1.267651e+30
2019-10-25,-1.267651e+30
2019-10-26,1.06196084e+16
2019-10-27,-1.267651e+30
2019-10-28,1.00164081e+16
2019-10-29,-1.267651e+30
2019-10-30,-1.267651e+30
2019-10-31,1.77383062e+16
2019-11-01,-1.267651e+30
2019-11-02,5.91480133e+15
2019-11-03,-1.267651e+30
2019-11-04,7.3923957e+15
2019-11-05,8.2418597e+15
2019-11-06,6.39398653e+15
2019-11-07,1.56533906e+16
2019-11-08,-1.267651e+30
2019-11-09,1.0340545e+16
2019-11-10,-1.267651e+30
2019-11-11,1.41432865e+16
2019-11-12,-1.267651e+30
2019-11-13,9.28416237e+15
2019-11-14,1.29655539e+16
2019-11-15,-1.267651e+30
2019-11-16,2.18130523e+16
2019-11-17,-1.267651e+30
2019-11-18,7.97342908e+15
2019-11-19,-1.267651e+30
2019-11-20,6.10345669e+15
2019-11-21,1.25085071e+16
2019-11-22,-1.267651e+30
2019-11-23,7.84469925e+15
2019-11-24,-1.267651e+30
2019-11-25,-1.267651e+30
2019-11-26,-1.267651e+30
2019-11-27,-1.267651e+30
2019-11-28,-1.267651e+30
2019-11-29,1.0336774e+16
2019-11-30,9.25071961e+15
2019-12-01,-1.267651e+30
2019-12-02,-1.267651e+30
2019-12-03,-1.267651e+30
2019-12-04,1.34257499e+16
2019-12-05,-1.267651e+30
2019-12-06,-1.267651e+30
2019-12-07,-1.267651e+30
2019-12-08,3.88510447e+15
2019-12-09,9.40400055e+15
2019-12-10,-1.267651e+30
2019-12-11,-1.267651e+30
2019-12-12,-1.267651e+30
2019-12-13,1.29683939e+16
2019-12-14,-1.267651e+30
2019-12-15,4.24010473e+15
2019-12-16,9.510505e+15
2019-12-17,-1.267651e+30
2019-12-18,-1.267651e+30
2019-12-19,-1.267651e+30
2019-12-20,8.16038418e+15
2019-12-21,-1.267651e+30
2019-12-22,-1.267651e+30
2019-12-23,2.12470958e+16
2019-12-24,2.61029778e+15
2019-12-25,8.12857457e+15
2019-12-26,-1.267651e+30
2019-12-27,5.63946815e+15
2019-12-28,-1.267651e+30
2019-12-29,8.36345238e+15
2019-12-30,-1.267651e+30
2019-12-31,-1.267651e+30
2020-01-01,6.44921874e+15
2020-01-02,-1.267651e+30
2020-01-03,7.90482825e+15
2020-01-04,-1.267651e+30
2020-01-05,-1.267651e+30
2020-01-06,-1.267651e+30
2020-01-07,-1.267651e+30
2020-01-08,1.00911814e+16
2020-01-09,2.71764727e+15
2020-01-10,9.79234075e+15
2020-01-11,-1.267651e+30
2020-01-12,-1.267651e+30
2020-01-13,-1.267651e+30
2020-01-14,-1.267651e+30
2020-01-15,-1.267651e+30
2020-01-16,-1.267651e+30
2020-01-17,1.46332886e+16
2020-01-18,-1.267651e+30
2020-01-19,4.25021401e+15
2020-01-20,-1.267651e+30
2020-01-21,-1.267651e+30
2020-01-22,-1.267651e+30
2020-01-23,-1.267651e+30
2020-01-24,-1.267651e+30
2020-01-25,-1.267651e+30
2020-01-26,5.63878525e+15
2020-01-27,-1.267651e+30
2020-01-28,-1.267651e+30
2020-01-29,-1.267651e+30
2020-01-30,1.19095878e+16
2020-01-31,-1.267651e+30
2020-02-01,-1.267651e+30
2020-02-02,1.41343777e+16
2020-02-03,-1.267651e+30
2020-02-04,1.02984318e+16
2020-02-05,-1.267651e+30
2020-02-06,-1.267651e+30
2020-02-07,-1.267651e+30
2020-02-08,1.10813045e+16
2020-02-09,3.62172446e+15
2020-02-10,-1.267651e+30
2020-02-11,4.48010132e+15
2020-02-12,-1.267651e+30
2020-02-13,1.12569729e+16
2020-02-14,-1.267651e+30
2020-02-15,2.07078036e+15
2020-02-16,-1.267651e+30
2020-02-17,-1.267651e+30
2020-02-18,6.17829918e+15
2020-02-19,-1.267651e+30
2020-02-20,1.41741834e+16
2020-02-21,-1.267651e+30
2020-02-22,-1.267651e+30
2020-02-23,-1.267651e+30
2020-02-24,1.06348673e+16
2020-02-25,-1.267651e+30
2020-02-26,3.97885341e+15
2020-02-27,7.03696891e+15
2020-02-28,-1.267651e+30
2020-02-29,-1.267651e+30
2020-03-01,-1.267651e+30
2020-03-02,1.54885025e+16
2020-03-03,-1.267651e+30
2020-03-04,-1.267651e+30
2020-03-05,6.02524319e+15
2020-03-06,-1.267651e+30
2020-03-07,8.5973971e+15
2020-03-08,-1.267651e+30
2020-03-09,8.31130396e+15
2020-03-10,-1.267651e+30
2020-03-11,9.71550593e+15
2020-03-12,9.64743607e+15
2020-03-13,1.03520362e+16
2020-03-14,-1.267651e+30
2020-03-15,-1.267651e+30
2020-03-16,5.74602951e+15
2020-03-17,-1.267651e+30
2020-03-18,1.17782488e+16
2020-03-19,-1.267651e+30
2020-03-20,6.17038731e+15
2020-03-21,1.04278842e+16
2020-03-22,-1.267651e+30
2020-03-23,4.56613059e+15
2020-03-24,-1.267651e+30
2020-03-25,8.97864202e+15
2020-03-26,-1.267651e+30
2020-03-27,-1.267651e+30
2020-03-28,-1.267651e+30
2020-03-29,-1.267651e+30
2020-03-30,-1.267651e+30
2020-03-31,-1.267651e+30
2020-04-01,-1.267651e+30
2020-04-02,-1.267651e+30
2020-04-03,1.07923036e+16
2020-04-04,-1.267651e+30
2020-04-05,4.6628248e+15
2020-04-06,8.11092441e+15
2020-04-07,-1.267651e+30
2020-04-08,1.92537543e+16
2020-04-09,-1.267651e+30
2020-04-10,8.03473276e+15
2020-04-11,-1.267651e+30
2020-04-12,-1.267651e+30
2020-04-13,-1.267651e+30
2020-04-14,5.8839699e+15
2020-04-15,1.52382981e+16
2020-04-16,2.43966383e+15
2020-04-17,1.57768569e+16
2020-04-18,-1.267651e+30
2020-04-19,7.29594738e+15
2020-04-20,6.16819151e+15
2020-04-21,-1.267651e+30
2020-04-22,9.05516545e+15
2020-04-23,1.01479265e+16
2020-04-24,1.53617591e+16
2020-04-25,-1.267651e+30
2020-04-26,-1.267651e+30
2020-04-27,-1.267651e+30
2020-04-28,9.59984246e+15
2020-04-29,1.07744527e+16
2020-04-30,1.01964832e+16
2020-05-01,8.86321209e+15
2020-05-02,7.78759527e+13
2020-05-03,-1.267651e+30
2020-05-04,-1.267651e+30
2020-05-05,5.98307305e+15
2020-05-06,-1.267651e+30
2020-05-07,6.44701113e+15
2020-05-08,7.72472256e+15
2020-05-09,-1.267651e+30
2020-05-10,-1.267651e+30
2020-05-11,-1.267651e+30
2020-05-12,1.13783498e+16
2020-05-13,-1.267651e+30
2020-05-14,9.25114803e+15
2020-05-15,-1.267651e+30
2020-05-16,-1.267651e+30
2020-05-17,1.09596141e+16
2020-05-18,-1.267651e+30
2020-05-19,7.16452621e+15
2020-05-20,-1.267651e+30
2020-05-21,1.22277805e+16
2020-05-22,-1.267651e+30
2020-05-23,7.79208107e+15
2020-05-24,5.98507773e+15
2020-05-25,8.88731276e+15
2020-05-26,-1.267651e+30
2020-05-27,-1.267651e+30
